EEM19417.1	100	BT_Cry67Aa2	GCA_000161475.1	CM000746.1	Chromosome	BT_Cry67Aa2	100	same
EEM19403.1	100	BT_Cry7Ea2	GCA_000161475.1	CM000746.1	Chromosome	BT_Cry7Ea2	100.0	same
EEM19308.1	100	BT_Cry61Aa3	GCA_000161475.1	CM000746.1	Chromosome	BT_Cry61Aa3	100	same
EEM19090.1	99.9	NOV_Cry7Fa2_99.9_EEM19090.1	GCA_000161475.1	CM000746.1	Chromosome	BT_Cry7Fa2	100.0	new
EEM32076.1	100	BT_Cry1Ab12	GCA_000161515.1	CM000748.1	Chromosome	BT_Cry1Ab1	100	same
EEM31561.1	100	BT_Cry1Ba1	GCA_000161515.1	CM000748.1	Chromosome	BT_Cry1Ba1	100.0	same
EEM38018.1	100	BT_Cry1Aa13	GCA_000161535.1	CM000749.1	Chromosome	BT_Cry1Aa13	100.0	same
EEM44869.1	100	BT_Cry5Ca1	GCA_000161555.1	CM000750.1	Chromosome	BT_Cry5Ca1	100.0	same
EEM44456.1	99.9	NOV_Cry65Aa2_99.9_EEM44456.1	GCA_000161555.1	CM000750.1	Chromosome	BT_Cry65Aa2	100.0	new
EEM44315.1	100	BT_Cry5Da1	GCA_000161555.1	CM000750.1	Chromosome	BT_Cry5Da1	100.0	same
EEM44256.1	100	BT_Cry5Ea2	GCA_000161555.1	CM000750.1	Chromosome	BT_Cry5Ea2	100	same
EEM50110.1	100	BT_Cry1Ac10	GCA_000161575.1	CM000751.1	Chromosome	BT_Cry1Ac1	100	same
EEM55953.1	99.8	NOV_Cry7Ab4_99.8_EEM55953.1	GCA_000161595.1	CM000752.1	Chromosome	NOV_Cry7Ab4_99.8_EEM55953.1	99.8	same
EEM62552.1	100	BT_Cry1Ba1	GCA_000161615.1	CM000753.1	Chromosome	BT_Cry1Ba1	100.0	same
EEM62204.1	100	BT_Cry1Ab12	GCA_000161615.1	CM000753.1	Chromosome	BT_Cry1Ab1	100	same
EEM68667.1	100	BT_Cry41Ba2	GCA_000161635.1	CM000754.1	Chromosome	BT_Cry41Ba2	100	same
EEM68355.1	100	BT_Cry41Ba1	GCA_000161635.1	CM000754.1	Chromosome	BT_Cry66Aa1	100.0	new
EEM86551.1	100	BT_Cry8Ma3	GCA_000161695.1	CM000757.1	Chromosome	BT_Cry8Ma2	100.0	new
EEM93055.1	100	BT_Cry2Ad1	GCA_000161715.1	CM000758.1	Chromosome	BT_Cry2Ad1	100.0	same
EEM92924.1	100	BT_Cry1Hb1	GCA_000161715.1	CM000758.1	Chromosome	NOV_Cry1Hb1_98.0_AMR88562.1	98.0	new
EEM92927.1	99.9	NOV_Cry1Bb1_99.9_EEM92927.1	GCA_000161715.1	CM000758.1	Chromosome	NOV_Cry1Bb1_99.9_EEM92927.1	99.9	same
EEM92934.1	100	BT_Cry1Ab18	GCA_000161715.1	CM000758.1	Chromosome	BT_Cry1Ab18	100.0	same
EEM92941.1	100	BT_Cry1Nb1	GCA_000161715.1	CM000758.1	Chromosome	NOV_Cry1Nb1_99.0_AMR88570.1	99.0	new
EEM92947.1	100	BT_Cry1Ja2	GCA_000161715.1	CM000758.1	Chromosome	BT_Cry1Ja2	100.0	same
EEM92952.1	100	BT_Cry1Id1	GCA_000161715.1	CM000758.1	Chromosome	BT_Cry1Id1	100.0	same
EEM92953.1	99.9	NOV_Cry1Da3_99.9_EEM92953.1	GCA_000161715.1	CM000758.1	Chromosome	NOV_Cry1Da3_99.9_AMR88578.1	99.9	same
EEM92570.1	47.1	NOV_Cry8Aa1_47.1_EEM92570.1	GCA_000161715.1	CM000758.1	Chromosome	NOV_Cry8Aa1_47.1_EEM92570.1	100	same
EEM99282.1	100	BT_Cry10Aa3	GCA_000161735.1	CM000759.1	Chromosome	NOV_Cry10Aa3_99.0_EEM99282.1	99.0	new
EEM99034.1	100	BT_Cry11Aa4	GCA_000161735.1	CM000759.1	Chromosome	NOV_Cry11Aa4_99.0_EEM99034.1	99.0	new
ADY24756.1	95.4	NOV_Cry26Aa1_95.4_ADY24756.1	GCA_000190515.1	CP002509.1	Complete Genome	NOV_Cry26Aa1_95.4_ABB51652.1	95.4	same
ADY24870.1	99.7	NOV_Cry28Aa2_99.7_ADY24870.1	GCA_000190515.1	CP002509.1	Complete Genome	NOV_Cry28Aa2_99.7_ADY24870.1	99.7	same
ADY25012.1	99.6	NOV_Cry28Aa2_99.6_ADY25012.1	GCA_000190515.1	CP002510.1	Complete Genome	NOV_Cry28Aa2_99.6_ADY25012.1	99.6	same
AEA19203.1	99.9	NOV_Cry1Ba1_99.9_AEA19203.1	GCA_000193355.1	CP001908.1	Complete Genome	BT_Cry1Ba1	100.0	new
AEA19603.1	100	BT_Cry2Ab16	GCA_000193355.1	CP001910.1	Complete Genome	BT_Cry2Ab1	100	same
AEA19608.1	100	BT_Cry1Aa12	GCA_000193355.1	CP001910.1	Complete Genome	BT_Cry1Aa12	100.0	same
AEA19609.1	100	BT_Cry1Ia14	GCA_000193355.1	CP001910.1	Complete Genome	BT_Cry1Ia10	100	same
AEA19615.1	100	BT_Cry2Aa1	GCA_000193355.1	CP001910.1	Complete Genome	BT_Cry2Aa1	100.0	same
AFQ19845.1	100	BT_Cry1Aa13	GCA_000292455.1	CP003755.1	Complete Genome	BT_Cry1Aa13	100.0	same
AFQ30496.1	100	BT_Cry4Ba1	GCA_000292705.1	CP003766.1	Complete Genome	BT_Cry4Ba1	100.0	same
AFQ30505.1	100	BT_Cry11Aa1	GCA_000292705.1	CP003766.1	Complete Genome	BT_Cry11Aa1	100.0	same
AFQ30558.1	100	BT_Cry4Aa2	GCA_000292705.1	CP003766.1	Complete Genome	BT_Cry4Aa2	100.0	same
AFQ30560.1	100	BT_Cry10Aa3	GCA_000292705.1	CP003766.1	Complete Genome	BT_Cry10Aa3	100.0	same
AFU17214.1	100	BT_Cry69Aa2	GCA_000300475.1	CP003691.1	Complete Genome	BT_Cry69Aa2	100.0	same
AFU17297.1	100	BT_Cry54Aa1	GCA_000300475.1	CP003692.1	Complete Genome	NOV_Cry54Aa1_94.0_AFU17297.1	94.0	new
AFU17323.1	99.9	NOV_Cry68Aa1_99.9_AFU17323.1	GCA_000300475.1	CP003692.1	Complete Genome	NOV_Cry68Aa1_99.9_AFU17323.1	99.9	same
AFU17333.1	98.8	NOV_Cry30Fa1_98.8_AFU17333.1	GCA_000300475.1	CP003692.1	Complete Genome	NOV_Cry30Fa1_98.8_AFU17333.1	98.8	same
AFU17344.1	88.1	NOV_Cry54Aa1_88.1_AFU17344.1	GCA_000300475.1	CP003692.1	Complete Genome	BT_Cry54Ab1	100.0	new
AFU17354.1	99.7	NOV_Cry53Ab1_99.7_AFU17354.1	GCA_000300475.1	CP003692.1	Complete Genome	NOV_Cry53Ab1_99.7_AFU17354.1	99.7	same
AFU16949.1	100	BT_Cry69Aa1	GCA_000300475.1	CP003690.1	Complete Genome	BT_Cry69Aa1	100.0	same
AFU17015.1	99.4	NOV_Cry4Cc1_99.4_AFU17015.1	GCA_000300475.1	CP003690.1	Complete Genome	NOV_Cry4Cc1_99.4_AFU17015.1	99.4	same
AFU17024.1	98.6	NOV_Cry70Ba1_98.6_AFU17024.1	GCA_000300475.1	CP003690.1	Complete Genome	NOV_Cry70Ba1_98.6_AFU17024.1	98.6	same
AGE81486.1	100	BT_Cry1Ac10	GCA_000338755.1	CP004070.1	Complete Genome	BT_Cry1Ac1	100	same
AGG04729.1	99.9	NOV_Cry1Ba1_99.9_AGG04729.1	GCA_000341665.1	CP004134.1	Complete Genome	BT_Cry1Ba1	100.0	new
AGG05318.1	100	BT_Cry2Ab16	GCA_000341665.1	CP004136.1	Complete Genome	BT_Cry2Ab1	100	same
AGG05325.1	100	BT_Cry1Aa12	GCA_000341665.1	CP004136.1	Complete Genome	BT_Cry1Aa12	100.0	same
AGG05326.1	100	BT_Cry1Ia14	GCA_000341665.1	CP004136.1	Complete Genome	BT_Cry1Ia10	100	same
AGG05333.1	100	BT_Cry2Aa1	GCA_000341665.1	CP004136.1	Complete Genome	BT_Cry2Aa1	100.0	same
AGG04467.1	100	BT_Cry1Ab21	GCA_000341665.1	CP004131.1	Complete Genome	BT_Cry1Ab21	100.0	same
ERH96459.1	100	BT_Cry1Aa12	GCA_000387405.2	ARXZ02000094.1	Scaffold	NOV_Cry1Aa12_96.0_ERH96459.1	96.0	new
ERH97545.1	100	BT_Cry2Ab16	GCA_000387405.2	ARXZ02000029.1	Scaffold	BT_Cry2Ab1	100	same
ERH97550.1	99.8	NOV_Cry1Ba1_99.8_ERH97550.1	GCA_000387405.2	ARXZ02000029.1	Scaffold	NOV_Cry1Ba1_99.8_ERH97550.1	99.8	same
ERH97551.1	100	BT_Cry1Ia14	GCA_000387405.2	ARXZ02000029.1	Scaffold	BT_Cry1Ia10	100	same
ERH97558.1	100	BT_Cry2Aa1	GCA_000387405.2	ARXZ02000029.1	Scaffold	BT_Cry2Aa1	100.0	same
ETE89313.1	100	BT_Cry2Ab16	GCA_000468975.2	AMXS02000188.1	Scaffold	BT_Cry2Ab1	100	same
ETE91940.1	100	BT_Cry1Da1	GCA_000468975.2	AMXS02000123.1	Scaffold	BT_Cry1Da1	100.0	same
ETE91952.1	100	BT_Cry1Ia14	GCA_000468975.2	AMXS02000123.1	Scaffold	BT_Cry1Ia10	100	same
ETE96065.1	100	BT_Cry9Ea1	GCA_000468975.2	AMXS02000058.1	Scaffold	BT_Cry9Ea1	100.0	same
ETE88270.1	100	BT_Cry1Fa1	GCA_000468995.3	AMXT02000369.1	Contig	BT_Cry1Fa1	100.0	same
ETE89765.1	100	BT_Cry1Ia7	GCA_000468995.3	AMXT02000319.1	Contig	BT_Cry1Ia7	100.0	same
ETE89897.1	100	BT_Cry1Da1	GCA_000468995.3	AMXT02000316.1	Contig	BT_Cry1Da1	100.0	same
ETE93019.1	100	BT_Cry9Ea1	GCA_000468995.3	AMXT02000231.1	Contig	BT_Cry9Ea1	100.0	same
ETE96169.1	97.8	NOV_Cry1Ca8_97.8_ETE96169.1	GCA_000468995.3	AMXT02000151.1	Contig	NOV_Cry1Ca8_97.8_ETE96169.1	97.8	same
ETF00019.1	95.9	NOV_Cry1Aa12_95.9_ETF00019.1	GCA_000468995.3	AMXT02000010.1	Contig	NOV_Cry1Aa12_95.9_ETF00019.1	95.9	same
AHA70031.1	100	BT_Cry5Ba2	GCA_000497525.2	CP005935.1	Complete Genome	BT_Cry5Ba2	100.0	same
CDN39519.1	100	BT_Cry21Fa1	GCA_000530375.1	HG810024.1	Scaffold	BT_Cry21Fa1	100.0	same
CDN39777.1	100	BT_Cry21Ha1	GCA_000530375.1	HG810028.1	Scaffold	BT_Cry21Ha1	100.0	same
EXY04803.1	99.9	NOV_Cry1Bd1_99.9_EXY04803.1	GCA_000600315.1	KK088255.1	Scaffold	BT_Cry1Bd1	100.0	new
EXY04555.1	100	BT_Cry1Ab35	GCA_000600315.1	KK088281.1	Scaffold	BT_Cry1Ab35	100.0	same
EXY04526.1	100	BT_Cry1Cb1	GCA_000600315.1	KK088287.1	Scaffold	BT_Cry1Cb1	100.0	same
EXY04520.1	100	BT_Cry1Ga1	GCA_000600315.1	KK088289.1	Scaffold	BT_Cry1Ga1	100.0	same
EXY04476.1	100	BT_Cry9Aa1	GCA_000600315.1	KK088301.1	Scaffold	BT_Cry9Aa1	100.0	same
EXY04468.1	99.9	NOV_Cry1Gb2_99.9_EXY04468.1	GCA_000600315.1	KK088306.1	Scaffold	NOV_Cry1Gb2_99.9_EXY04468.1	99.9	same
EXY05450.1	99.9	NOV_Cry1Ib7_99.9_EXY05450.1	GCA_000600315.1	KK088376.1	Scaffold	NOV_Cry1Ib7_99.9_EXY05450.1	99.9	same
EXY05451.1	100	BT_Cry1Db1	GCA_000600315.1	KK088376.1	Scaffold	BT_Cry1Db1	100.0	same
EXY05452.1	100	BT_Cry1Fb1	GCA_000600315.1	KK088376.1	Scaffold	BT_Cry1Fb1	100.0	same
EXY05361.1	100	BT_Cry2Ac6	GCA_000600315.1	KK088381.1	Scaffold	BT_Cry2Ac6	100.0	same
EXY05362.1	98.1	NOV_Cry2Ad2_98.1_EXY05362.1	GCA_000600315.1	KK088381.1	Scaffold	NOV_Cry2Ad2_98.1_EXY05362.1	98.1	same
EXY05115.1	100	BT_Cry2Ab4	GCA_000600315.1	KK088394.1	Scaffold	BT_Cry2Ab4	100.0	same
AHZ54986.1	100	BT_Cry2Ab16	GCA_000688795.1	CP004861.1	Complete Genome	BT_Cry2Ab1	100	same
AHZ54991.1	100	BT_Cry1Aa12	GCA_000688795.1	CP004861.1	Complete Genome	BT_Cry1Aa12	100.0	same
AHZ54992.1	100	BT_Cry1Ia14	GCA_000688795.1	CP004861.1	Complete Genome	BT_Cry1Ia10	100	same
AHZ54998.1	100	BT_Cry2Aa1	GCA_000688795.1	CP004861.1	Complete Genome	BT_Cry2Aa1	100.0	same
AHZ55258.1	100	BT_Cry1Ac4	GCA_000688795.1	CP004868.1	Complete Genome	BT_Cry1Ac4	100.0	same
KEH48722.1	100	BT_Cry1Ac20	GCA_000710255.1	JMHW01000065.1	Contig	NOV_Cry1Ac20_89.0_KEH48722.1	89.0	new
KEH48187.1	100	BT_Cry1Ia14	GCA_000710255.1	JMHW01000075.1	Contig	BT_Cry1Ia10	100	same
KEH48195.1	100	BT_Cry2Aa1	GCA_000710255.1	JMHW01000075.1	Contig	BT_Cry2Aa1	100.0	same
KEH48048.1	100	BT_Cry2Ab16	GCA_000710255.1	JMHW01000078.1	Contig	BT_Cry2Ab1	100	same
KEH45261.1	100	BT_Cry1Ab12	GCA_000710255.1	JMHW01000168.1	Contig	BT_Cry1Ab1	100	same
AIE37434.1	99.8	NOV_Cry2Ab16_99.8_AIE37434.1	GCA_000717535.1	CP004876.1	Complete Genome	NOV_Cry2Ab16_99.8_AIE37434.1	99.8	same
AIE37439.1	99.9	NOV_Cry1Aa11_99.9_AIE37439.1	GCA_000717535.1	CP004876.1	Complete Genome	NOV_Cry1Aa11_99.9_AIE37439.1	99.9	same
AIE37440.1	100	BT_Cry1Ia14	GCA_000717535.1	CP004876.1	Complete Genome	BT_Cry1Ia10	100	same
AIE37446.1	99.4	NOV_Cry2Aa1_99.4_AIE37446.1	GCA_000717535.1	CP004876.1	Complete Genome	NOV_Cry2Aa1_99.4_AIE37446.1	99.4	same
AIE37011.1	100	BT_Cry1Ab12	GCA_000717535.1	CP004873.1	Complete Genome	BT_Cry1Ab1	100	same
AIE37211.1	100	BT_Cry1Ac5	GCA_000717535.1	CP004875.1	Complete Genome	BT_Cry1Ac17	100.0	same
AIM34735.1	100	BT_Cry2Ab16	GCA_000747545.1	CP007615.1	Complete Genome	BT_Cry2Ab1	100	same
AIM34741.1	100	BT_Cry1Aa12	GCA_000747545.1	CP007615.1	Complete Genome	BT_Cry1Aa12	100.0	same
AIM34742.1	100	BT_Cry1Ia14	GCA_000747545.1	CP007615.1	Complete Genome	BT_Cry1Ia10	100	same
AIM34751.1	100	BT_Cry2Aa1	GCA_000747545.1	CP007615.1	Complete Genome	BT_Cry2Aa1	100.0	same
AIM34400.1	100	BT_Cry1Ac4	GCA_000747545.1	CP007613.1	Complete Genome	BT_Cry1Ac4	100.0	same
AIM34414.1	100	BT_Cry1Ac4	GCA_000747545.1	CP007614.1	Complete Genome	BT_Cry1Ac4	100.0	same
ALL21863.1	100	BT_Cry7Gd1	GCA_000774075.2	CP013000.1	Complete Genome	NOV_Cry7Gd1_98.0_ALL11724.1	98.0	new
ALL25005.1	100	BT_Cry7Cb1	GCA_000774075.2	CP013000.1	Complete Genome	NOV_Cry7Cb1_96.0_ALL11871.1	96.0	new
ALL21966.1	100	BT_Cry7Ea2	GCA_000774075.2	CP013000.1	Complete Genome	BT_Cry7Ea2	100.0	same
ALL21973.1	100	BT_Cry67Aa2	GCA_000774075.2	CP013000.1	Complete Genome	NOV_Cry67Aa1_99.0_ALL11835.1	99.0	new
ALL21979.1	99.9	NOV_Cry7Fa2_99.9_ALL21979.1	GCA_000774075.2	CP013000.1	Complete Genome	BT_Cry7Fa2	100.0	new
ALL21984.1	100	BT_Cry61Aa3	GCA_000774075.2	CP013000.1	Complete Genome	BT_Cry61Aa3	100	same
ALL11724.1	100	BT_Cry7Gd1	GCA_000774075.2	CP013001.1	Complete Genome	NOV_Cry7Gd1_98.0_ALL11724.1	98.0	new
ALL11871.1	100	BT_Cry7Cb1	GCA_000774075.2	CP013001.1	Complete Genome	NOV_Cry7Cb1_96.0_ALL11871.1	96.0	new
ALL11828.1	100	BT_Cry7Ea2	GCA_000774075.2	CP013001.1	Complete Genome	BT_Cry7Ea2	100.0	same
ALL11835.1	100	BT_Cry67Aa2	GCA_000774075.2	CP013001.1	Complete Genome	NOV_Cry67Aa1_99.0_ALL11835.1	99.0	new
ALL11841.1	99.9	NOV_Cry7Fa2_99.9_ALL11841.1	GCA_000774075.2	CP013001.1	Complete Genome	BT_Cry7Fa2	100.0	new
ALL11846.1	100	BT_Cry61Aa3	GCA_000774075.2	CP013001.1	Complete Genome	BT_Cry61Aa3	100	same
AJA23643.1	100	BT_Cry1Ac10	GCA_000803665.1	CP010092.1	Complete Genome	BT_Cry1Ac1	100	same
AJA23501.1	100	BT_Cry2Ab16	GCA_000803665.1	CP010091.1	Complete Genome	BT_Cry2Ab1	100	same
AJA23506.1	100	BT_Cry1Aa12	GCA_000803665.1	CP010091.1	Complete Genome	BT_Cry1Aa12	100.0	same
AJA23507.1	100	BT_Cry1Ia14	GCA_000803665.1	CP010091.1	Complete Genome	BT_Cry1Ia10	100	same
AJA23511.1	100	BT_Cry9Ea1	GCA_000803665.1	CP010091.1	Complete Genome	BT_Cry9Ea1	100.0	same
AJA23086.1	100	BT_Cry1Ca8	GCA_000803665.1	CP010090.1	Complete Genome	BT_Cry1Ca15	100	same
AJA23088.1	100	BT_Cry1Da1	GCA_000803665.1	CP010090.1	Complete Genome	BT_Cry1Da1	100.0	same
KIP24267.1	98.4	NOV_Cry1Ka1_98.4_KIP24267.1	GCA_000833655.1	JTHH01000008.1	Contig	NOV_Cry1Ka1_98.4_KIP24267.1	98.4	same
KIP24195.1	99.9	NOV_Cry1Ib11_99.9_KIP24195.1	GCA_000833655.1	JTHH01000008.1	Contig	NOV_Cry1Ib11_99.9_KIP24195.1	99.9	same
AJK38183.1	100	BT_Cry1Ac5	GCA_000835235.1	CP009999.1	Chromosome	BT_Cry1Ac17	100.0	same
AJK37985.1	100	BT_Cry2Aa1	GCA_000835235.1	CP009999.1	Chromosome	BT_Cry2Aa1	100.0	same
AJK38154.1	100	BT_Cry1Ia14	GCA_000835235.1	CP009999.1	Chromosome	BT_Cry1Ia10	100	same
AJK37978.1	100	BT_Cry1Aa11	GCA_000835235.1	CP009999.1	Chromosome	BT_Cry1Aa11	100.0	same
AJK38083.1	100	BT_Cry2Ab16	GCA_000835235.1	CP009999.1	Chromosome	BT_Cry2Ab1	100	same
AJK38600.1	100	BT_Cry1Ab12	GCA_000835235.1	CP010003.1	Chromosome	BT_Cry1Ab1	100	same
KIU76094.1	99.9	NOV_Cry65Aa2_99.9_KIU76094.1	GCA_000878525.1	KN849182.1	Scaffold	BT_Cry65Aa2	100.0	new
KIU74504.1	100	BT_Cry5Ea2	GCA_000878525.1	KN849188.1	Scaffold	BT_Cry5Ea2	100	same
KIU74325.1	100	BT_Cry5Da1	GCA_000878525.1	KN849189.1	Scaffold	BT_Cry5Da1	100.0	same
KIU70667.1	100	BT_Cry5Ca1	GCA_000878525.1	KN849241.1	Scaffold	BT_Cry5Ca1	100.0	same
KKB28324.1	100	BT_Cry2Ab16	GCA_000969665.1	JWJY01000059.1	Contig	BT_Cry2Ab1	100	same
KKB28329.1	100	BT_Cry1Ac10	GCA_000969665.1	JWJY01000059.1	Contig	BT_Cry1Ac1	100	same
AKJ62760.1	100	BT_Cry1Ac5	GCA_001017635.1	CP011350.1	Complete Genome	BT_Cry1Ac17	100.0	same
AKJ62786.1	100	BT_Cry2Aa1	GCA_001017635.1	CP011350.1	Complete Genome	BT_Cry2Aa1	100.0	same
AKJ62789.1	100	BT_Cry1Ia14	GCA_001017635.1	CP011350.1	Complete Genome	BT_Cry1Ia10	100	same
AKJ62790.1	100	BT_Cry1Aa11	GCA_001017635.1	CP011350.1	Complete Genome	BT_Cry1Aa11	100.0	same
AKJ62795.1	100	BT_Cry2Ab16	GCA_001017635.1	CP011350.1	Complete Genome	BT_Cry2Ab1	100	same
AKR12899.1	97.1	NOV_Cry30Ga2_97.1_AKR12899.1	GCA_001182785.1	CP012101.1	Complete Genome	NOV_Cry30Ga2_97.1_AKR12899.1	97.1	same
AKR12909.1	100	BT_Cry71Aa1	GCA_001182785.1	CP012101.1	Complete Genome	BT_Cry71Aa1	100.0	same
AKR12911.1	100	BT_Cry72Aa1	GCA_001182785.1	CP012101.1	Complete Genome	NOV_Cry72Aa1_97.0_AKR12911.1	97.0	new
AKR12921.1	99.9	NOV_Cry70Aa1_99.9_AKR12921.1	GCA_001182785.1	CP012101.1	Complete Genome	NOV_Cry70Aa1_99.9_AKR12921.1	99.9	same
AKR13091.1	100	BT_Cry30Ea4	GCA_001182785.1	CP012101.1	Complete Genome	BT_Cry30Ea4	100.0	same
AKR13097.1	100	BT_Cry69Ab1	GCA_001182785.1	CP012101.1	Complete Genome	NOV_Cry69Ab1_99.0_AKR13097.1	99.0	new
AKR13106.1	99.9	NOV_Cry50Ba2_99.9_AKR13106.1	GCA_001182785.1	CP012101.1	Complete Genome	NOV_Cry50Ba2_99.9_AKR13106.1	99.9	same
AKR13252.1	100	BT_Cry56Aa4	GCA_001182785.1	CP012103.1	Complete Genome	BT_Cry56Aa4	100.0	same
AKR13360.1	100	BT_Cry54Ba2	GCA_001182785.1	CP012108.1	Complete Genome	BT_Cry54Ba2	100.0	same
AKR38906.1	100	BT_Cry7Da1	GCA_001183785.1	CP010111.1	Complete Genome	BT_Cry7Da1	100.0	same
AKR38911.1	100	BT_Cry7Fb2	GCA_001183785.1	CP010111.1	Complete Genome	BT_Cry7Fb2	100.0	same
AKR38949.1	100	BT_Cry7Ga2	GCA_001183785.1	CP010111.1	Complete Genome	BT_Cry7Ga2	100	same
KQB18012.1	100	BT_Cry4Ba1	GCA_001402735.1	LIIT01000231.1	Scaffold	BT_Cry4Ba1	100.0	same
KQB17992.1	100	BT_Cry10Aa3	GCA_001402735.1	LIIT01000238.1	Scaffold	BT_Cry10Aa3	100.0	same
KQB18067.1	100	BT_Cry11Aa1	GCA_001402735.1	LIIT01000204.1	Scaffold	BT_Cry11Aa1	100.0	same
ALL62164.1	100	BT_Cry1Ac5	GCA_001420855.1	CP013056.1	Complete Genome	BT_Cry1Ac17	100.0	same
ALL62189.1	100	BT_Cry2Aa1	GCA_001420855.1	CP013056.1	Complete Genome	BT_Cry2Aa1	100.0	same
BAR87544.1	100	BT_Cry2Aa8	GCA_001548175.1	AP014866.1	Complete Genome	BT_Cry2Aa8	100.0	same
BAR87552.1	100	BT_Cry1Ia12	GCA_001548175.1	AP014866.1	Complete Genome	BT_Cry1Ia10	100.0	new
BAR87554.1	98.2	NOV_Cry1Ea11_98.2_BAR87554.1	GCA_001548175.1	AP014866.1	Complete Genome	NOV_Cry1Ea11_98.2_BAR87554.1	98.2	same
AMR06122.1	100	BT_Cry8Ea3	GCA_001595725.1	CP014284.1	Complete Genome	BT_Cry8Ea1	100	same
AMR06151.1	80	NOV_Cry8Ab1_80.0_AMR06151.1	GCA_001595725.1	CP014284.1	Complete Genome	NOV_Cry8Ab1_80.0_AMR06151.1	80.0	same
AMR88428.1	99.8	NOV_Cry1Fb4_99.8_AMR88428.1	GCA_001598095.1	CP014852.1	Complete Genome	NOV_Cry1Fb4_99.8_AMR88428.1	99.8	same
AMR88562.1	100	BT_Cry1Hb1	GCA_001598095.1	CP014853.1	Complete Genome	NOV_Cry1Hb1_98.0_AMR88562.1	98.0	new
AMR88563.1	99.9	NOV_Cry1Bb1_99.9_AMR88563.1	GCA_001598095.1	CP014853.1	Complete Genome	BT_Cry1Bb1	100.0	new
AMR88565.1	100	BT_Cry1Ab18	GCA_001598095.1	CP014853.1	Complete Genome	BT_Cry1Ab18	100.0	same
AMR88570.1	100	BT_Cry1Nb1	GCA_001598095.1	CP014853.1	Complete Genome	NOV_Cry1Nb1_99.0_AMR88570.1	99.0	new
AMR88574.1	100	BT_Cry1Ja2	GCA_001598095.1	CP014853.1	Complete Genome	BT_Cry1Ja2	100.0	same
AMR88576.1	100	BT_Cry1Id1	GCA_001598095.1	CP014853.1	Complete Genome	BT_Cry1Id1	100.0	same
AMR88578.1	99.9	NOV_Cry1Da3_99.9_AMR88578.1	GCA_001598095.1	CP014853.1	Complete Genome	NOV_Cry1Da3_99.9_AMR88578.1	99.9	same
AMR88604.1	100	BT_Cry2Ad1	GCA_001598095.1	CP014853.1	Complete Genome	BT_Cry2Ad1	100.0	same
AND11132.1	100	BT_Cry2Ab16	GCA_001640965.1	CP015177.1	Complete Genome	BT_Cry2Ab1	100	same
AND11141.1	99.9	NOV_Cry1Ae1_99.9_AND11141.1	GCA_001640965.1	CP015177.1	Complete Genome	NOV_Cry1Ae1_99.9_AND11141.1	99.9	same
ANS46158.1	100	BT_Cry13Aa1	GCA_001685565.1	CP015350.1	Complete Genome	BT_Cry13Aa1	100.0	same
ANS46780.1	50.1	NOV_Cry13Aa1_50.1_ANS46780.1	GCA_001685565.1	CP015350.1	Complete Genome	NOV_Cry13Aa1_50.1_ANS46780.1	50.1	same
ANS50148.1	87.1	NOV_Cry13Aa1_87.1_ANS50148.1	GCA_001685565.1	CP015350.1	Complete Genome	NOV_Cry13Aa1_87.1_ANS50148.1	87.1	same
AOM14729.1	37.1	NOV_Cry21Ca2_37.1_AOM14729.1	GCA_001721165.1	CP015255.1	Complete Genome	NOV_Cry21Ea1_40.3_AOM14729.1	40.3	new
OIX12409.1	100	BT_Cry9Ea1	GCA_001880115.1	MOXQ01000142.1	Scaffold	BT_Cry9Ea1	100.0	same
OIX18506.1	100	BT_Cry1Ca8	GCA_001880115.1	MOXQ01000033.1	Scaffold	BT_Cry1Ca15	100	same
OIX18511.1	100	BT_Cry1Ia14	GCA_001880115.1	MOXQ01000033.1	Scaffold	BT_Cry1Ia10	100	same
OIX15228.1	100	BT_Cry2Ab16	GCA_001880115.1	MOXQ01000092.1	Scaffold	BT_Cry2Ab1	100	same
OIX23464.1	100	BT_Cry1Ia14	GCA_001880125.1	MOXR01000070.1	Scaffold	BT_Cry1Ia10	100	same
OIX23467.1	100	BT_Cry2Aa1	GCA_001880125.1	MOXR01000070.1	Scaffold	BT_Cry2Aa1	100.0	same
OIX21407.1	100	BT_Cry2Ab16	GCA_001880125.1	MOXR01000082.1	Scaffold	BT_Cry2Ab1	100	same
OMH24296.1	100	BT_Cry8Pa2	GCA_001968805.1	MSFC01000068.1	Contig	BT_Cry8Pa2	100.0	same
OMH23709.1	100	BT_Cry8Qa1	GCA_001968805.1	MSFC01000080.1	Contig	BT_Cry8Qa1	100.0	same
OMH24237.1	100	BT_Cry8Kb1	GCA_001968805.1	MSFC01000071.1	Contig	BT_Cry8Kb1	100	same
AQY42679.1	100	BT_Cry1Ab34	GCA_002025105.1	CP020005.1	Complete Genome	BT_Cry1Ab34	100.0	same
AQY42680.1	99.2	NOV_Cry1Ia14_99.2_AQY42680.1	GCA_002025105.1	CP020005.1	Complete Genome	NOV_Cry1Ia14_99.2_AQY42680.1	99.2	same
AQY42687.1	99.8	NOV_Cry1Bd2_99.8_AQY42687.1	GCA_002025105.1	CP020005.1	Complete Genome	NOV_Cry1Bd2_99.8_AQY42687.1	99.8	same
ARP61632.1	99.9	NOV_Cry1Ba1_99.9_ARP61632.1	GCA_002119445.1	CP021063.1	Complete Genome	BT_Cry1Ba1	100.0	new
ARP61819.1	100	BT_Cry1Ab12	GCA_002119445.1	CP021065.1	Complete Genome	BT_Cry1Ab1	100	same
OTW73736.1	99.9	NOV_Cry1Bd1_99.9_OTW73736.1	GCA_002146315.1	NFCH01000013.1	Contig	BT_Cry1Bd1	100.0	new
OTW73398.1	99.4	NOV_Cry9Ba2_99.4_OTW73398.1	GCA_002146315.1	NFCH01000017.1	Contig	NOV_Cry9Ba2_99.4_OTW73398.1	99.4	same
OTW63083.1	96.7	NOV_Cry2Ab4_96.7_OTW63083.1	GCA_002146315.1	NFCH01000075.1	Contig	NOV_Cry2Ab4_96.7_OTW63083.1	96.7	same
OTW61456.1	98.6	NOV_Cry2Ab4_98.6_OTW61456.1	GCA_002146315.1	NFCH01000100.1	Contig	NOV_Cry2Ab4_98.6_OTW61456.1	98.6	same
OTW56025.1	100	BT_Cry1Ga1	GCA_002146315.1	NFCH01000147.1	Contig	BT_Cry1Ga1	100.0	same
OTW54288.1	100	BT_Cry9Aa1	GCA_002146315.1	NFCH01000169.1	Contig	BT_Cry9Aa1	100.0	same
OTW53899.1	100	BT_Cry1Cb1	GCA_002146315.1	NFCH01000171.1	Contig	BT_Cry1Cb1	100.0	same
OTW53896.1	99.8	NOV_Cry1Gb2_99.8_OTW53896.1	GCA_002146315.1	NFCH01000172.1	Contig	NOV_Cry1Gb2_99.8_OTW53896.1	99.8	same
OTW51791.1	100	BT_Cry1Db1	GCA_002146315.1	NFCH01000188.1	Contig	BT_Cry1Db1	100.0	same
OTW51792.1	100	BT_Cry1Fb1	GCA_002146315.1	NFCH01000188.1	Contig	BT_Cry1Fb1	100.0	same
OTW51788.1	99.6	NOV_Cry1Ab35_99.6_OTW51788.1	GCA_002146315.1	NFCH01000189.1	Contig	NOV_Cry1Ab35_99.6_OTW51788.1	99.6	same
OTW51776.1	99.9	NOV_Cry1Ib7_99.9_OTW51776.1	GCA_002146315.1	NFCH01000190.1	Contig	NOV_Cry1Ib7_99.9_EXY05450.1	99.9	same
OTW47541.1	100	BT_Cry2Ac6	GCA_002146315.1	NFCH01000206.1	Contig	BT_Cry2Ac6	100.0	same
OTW46212.1	99.8	NOV_Cry7Ab4_99.8_OTW46212.1	GCA_002146325.1	NFCF01000088.1	Contig	NOV_Cry7Ab4_99.8_EEM55953.1	99.8	same
OTW42787.1	99.9	NOV_Cry1Ba1_99.9_OTW42787.1	GCA_002146335.1	NFCE01000025.1	Scaffold	BT_Cry1Ba1	100.0	new
OTW70091.1	31	NOV_Cry21Fa1_31.0_OTW70091.1	GCA_002146345.1	NFCG01000062.1	Contig	NOV_Cry21Ea1_53.3_OTW62068.1	53.3	new
OTW62068.1	31	NOV_Cry21Fa1_31.0_OTW62068.1	GCA_002146395.1	NFCJ01000033.1	Contig	NOV_Cry21Ea1_53.3_OTW62068.1	53.3	new
OTW93738.1	99.9	NOV_Cry9Aa4_99.9_OTW93738.1	GCA_002146405.1	NFCM01000004.1	Contig	NOV_Cry9Aa4_99.9_OTW93738.1	99.9	same
OTW87134.1	100	BT_Cry9Eb1	GCA_002146405.1	NFCM01000044.1	Contig	BT_Cry9Eb1	100.0	same
OTW84856.1	99.1	NOV_Cry9Ee2_99.1_OTW84856.1	GCA_002146405.1	NFCM01000064.1	Contig	NOV_Cry9Ee2_99.1_OTW84856.1	99.1	same
OTW84781.1	100	BT_Cry1Na1	GCA_002146405.1	NFCM01000065.1	Contig	BT_Cry1Na1	100.0	same
OTW84538.1	100	BT_Cry9Da1	GCA_002146405.1	NFCM01000071.1	Contig	BT_Cry9Da1	100.0	same
OTW81389.1	100	BT_Cry1Ie2	GCA_002146405.1	NFCM01000085.1	Contig	BT_Cry1Ie2	100.0	same
OTX08732.1	100	BT_Cry1Na1	GCA_002146425.1	NFCN01000013.1	Scaffold	BT_Cry1Na1	100.0	same
OTX08738.1	99.8	NOV_Cry9Aa4_99.8_OTX08738.1	GCA_002146425.1	NFCN01000013.1	Scaffold	NOV_Cry9Aa4_99.8_OTX08738.1	99.8	same
OTW94166.1	98.9	NOV_Cry9Ee2_98.9_OTW94166.1	GCA_002146425.1	NFCN01000079.1	Scaffold	NOV_Cry9Ee2_98.9_OTW94166.1	98.9	same
OTW94050.1	99.7	NOV_Cry9Da3_99.7_OTW94050.1	GCA_002146425.1	NFCN01000083.1	Scaffold	NOV_Cry9Da3_99.7_OTW94050.1	99.7	same
OTW90757.1	100	BT_Cry1Ie2	GCA_002146425.1	NFCN01000104.1	Scaffold	BT_Cry1Ie2	100.0	same
OTW84525.1	100	BT_Cry1Ie2	GCA_002146445.1	NFCP01000044.1	Scaffold	BT_Cry1Ie2	100.0	same
OTW84402.1	100	BT_Cry1Na1	GCA_002146445.1	NFCP01000045.1	Scaffold	BT_Cry1Na1	100.0	same
OTW84346.1	99.7	NOV_Cry9Da4_99.7_OTW84346.1	GCA_002146445.1	NFCP01000046.1	Scaffold	NOV_Cry9Da4_99.7_OTW84346.1	99.7	same
OTW81421.1	95.6	NOV_Cry9Eb3_95.6_OTW81421.1	GCA_002146445.1	NFCP01000057.1	Scaffold	NOV_Cry9Eb3_95.6_OTW81421.1	95.6	same
OTX02121.1	99.8	NOV_Cry7Ab4_99.8_OTX02121.1	GCA_002146495.1	NFCK01000054.1	Contig	NOV_Cry7Ab4_99.8_EEM55953.1	99.8	same
OTW70710.1	100	BT_Cry7Ba1	GCA_002146505.1	NFCL01000030.1	Contig	BT_Cry7Ba1	100.0	same
OTW70715.1	100	BT_Cry7Ia1	GCA_002146505.1	NFCL01000030.1	Contig	BT_Cry7Ia1	100.0	same
OTX23942.1	100	BT_Cry1Ie2	GCA_002146545.1	NFCQ01000021.1	Scaffold	BT_Cry1Ie2	100.0	same
OTX23531.1	99.7	NOV_Cry9Da4_99.7_OTX23531.1	GCA_002146545.1	NFCQ01000024.1	Scaffold	NOV_Cry9Da4_99.7_OTW84346.1	99.7	same
OTX21375.1	100	BT_Cry1Na1	GCA_002146545.1	NFCQ01000043.1	Scaffold	BT_Cry1Na1	100.0	same
OTX17826.1	95.6	NOV_Cry9Eb3_95.6_OTX17826.1	GCA_002146545.1	NFCQ01000061.1	Scaffold	NOV_Cry9Eb3_95.6_OTW81421.1	95.6	same
OTX40985.1	99.9	NOV_Cry1Ac2_99.9_OTX40985.1	GCA_002146595.1	NFCS01000017.1	Scaffold	NOV_Cry1Ac2_99.9_OTX40985.1	99.9	same
OTX38902.1	100	BT_Cry2Ab4	GCA_002146595.1	NFCS01000046.1	Scaffold	BT_Cry2Ab4	100.0	same
OTX17809.1	99.6	NOV_Cry1Ia14_99.6_OTX17809.1	GCA_002146595.1	NFCS01000163.1	Scaffold	NOV_Cry1Ia14_99.6_OTX17809.1	99.6	same
OTX17812.1	100	BT_Cry2Aa1	GCA_002146595.1	NFCS01000163.1	Scaffold	BT_Cry2Aa1	100.0	same
OTX56884.1	100	BT_Cry7Ba1	GCA_002146605.1	NFCZ01000023.1	Contig	BT_Cry7Ba1	100.0	same
OTX56889.1	100	BT_Cry7Ia1	GCA_002146605.1	NFCZ01000023.1	Contig	BT_Cry7Ia1	100.0	same
OTX78579.1	100	BT_Cry4Aa2	GCA_002146615.1	NFCT01000009.1	Scaffold	BT_Cry4Aa2	100.0	same
OTX77086.1	100	BT_Cry10Aa3	GCA_002146615.1	NFCT01000028.1	Scaffold	BT_Cry10Aa3	100.0	same
OTX69600.1	100	BT_Cry4Ba1	GCA_002146615.1	NFCT01000074.1	Scaffold	BT_Cry4Ba1	100.0	same
OTX69582.1	100	BT_Cry11Aa1	GCA_002146615.1	NFCT01000075.1	Scaffold	BT_Cry11Aa1	100.0	same
OTX77050.1	99.7	NOV_Cry28Aa2_99.7_OTX77050.1	GCA_002146625.1	NFCW01000018.1	Scaffold	NOV_Cry28Aa2_99.7_ADY24870.1	99.7	same
OTX75968.1	95.5	NOV_Cry26Aa1_95.5_OTX75968.1	GCA_002146625.1	NFCW01000023.1	Scaffold	NOV_Cry26Aa1_95.5_OTX75968.1	95.5	same
OTX71618.1	99.7	NOV_Cry28Aa2_99.7_OTX71618.1	GCA_002146625.1	NFCW01000048.1	Scaffold	NOV_Cry28Aa2_99.7_ADY24870.1	99.7	same
OTX71525.1	99.7	NOV_Cry28Aa2_99.7_OTX71525.1	GCA_002146625.1	NFCW01000049.1	Scaffold	NOV_Cry28Aa2_99.7_ADY24870.1	99.7	same
OTX71494.1	100	BT_Cry7Ba1	GCA_002146655.1	NFDB01000015.1	Contig	BT_Cry7Ba1	100.0	same
OTX71499.1	100	BT_Cry7Ia1	GCA_002146655.1	NFDB01000015.1	Contig	BT_Cry7Ia1	100.0	same
OTY10661.1	100	BT_Cry7Ka1	GCA_002146755.1	NFDH01000063.1	Contig	BT_Cry7Ka1	100.0	same
OTY00887.1	60.4	NOV_Cry7Cb1_60.4_OTY00887.1	GCA_002146755.1	NFDH01000100.1	Contig	NOV_Cry7Cb1_60.4_OTY00887.1	60.4	same
OTY00858.1	99.8	NOV_Cry7Gc1_99.8_OTY00858.1	GCA_002146755.1	NFDH01000100.1	Contig	NOV_Cry7Gc1_99.8_OTY00858.1	99.8	same
OTY42695.1	100	BT_Cry3Aa1	GCA_002146785.1	NFDJ01000047.1	Scaffold	BT_Cry3Aa1	100.0	same
OTY31851.1	99.7	NOV_Cry28Aa2_99.7_OTY31851.1	GCA_002146785.1	NFDJ01000115.1	Scaffold	NOV_Cry28Aa2_99.7_ADY24870.1	99.7	same
OTY27002.1	100	BT_Cry7Ba1	GCA_002146815.1	NFDK01000027.1	Scaffold	BT_Cry7Ba1	100.0	same
OTY27007.1	100	BT_Cry7Ia1	GCA_002146815.1	NFDK01000027.1	Scaffold	BT_Cry7Ia1	100.0	same
OTY48305.1	100	BT_Cry8Ac1	GCA_002146825.1	NFDL01000013.1	Contig	BT_Cry8Ac1	100.0	same
OTY48272.1	100	BT_Cry8Ac1	GCA_002146825.1	NFDL01000014.1	Contig	BT_Cry8Ac1	100.0	same
OTY48296.1	100	BT_Cry8Ac1	GCA_002146825.1	NFDL01000014.1	Contig	BT_Cry8Ac1	100.0	same
OTY42322.1	100	BT_Cry8Ac1	GCA_002146825.1	NFDL01000063.1	Contig	BT_Cry8Ac1	100.0	same
OTY44027.1	100	BT_Cry2Ab16	GCA_002146845.1	NFDM01000077.1	Scaffold	BT_Cry2Ab1	100	same
OTY60291.1	100	BT_Cry21Da1	GCA_002146885.1	NFDP01000018.1	Scaffold	BT_Cry21Da1	100.0	same
OTY57628.1	47.3	NOV_Cry21Fa1_47.3_OTY57628.1	GCA_002146885.1	NFDP01000027.1	Scaffold	BT_Cry21Ea1	100.0	new
OTY55646.1	100	BT_Cry21Ca2	GCA_002146885.1	NFDP01000047.1	Scaffold	BT_Cry21Ca2	100.0	same
OTY74981.1	100	BT_Cry8Ta1	GCA_002146905.1	NFDQ01000061.1	Contig	BT_Cry8Ta1	100.0	same
OTY74274.1	100	BT_Cry8Ma3	GCA_002146905.1	NFDQ01000067.1	Contig	BT_Cry8Ma2	100	same
OTY74147.1	100	BT_Cry8Ia4	GCA_002146905.1	NFDQ01000068.1	Contig	NOV_Cry8Ia4_99.0_OTY74147.1	99.0	new
OTY85625.1	99.9	NOV_Cry1Ba2_99.9_OTY85625.1	GCA_002146945.1	NFDT01000220.1	Contig	BT_Cry1Ba2	100.0	new
OTX53140.1	100	BT_Cry7Ia1	GCA_002147025.1	NFCY01000015.1	Contig	BT_Cry7Ia1	100.0	same
OTX53145.1	100	BT_Cry7Ba1	GCA_002147025.1	NFCY01000015.1	Contig	BT_Cry7Ba1	100.0	same
OTX96001.1	100	BT_Cry8Pa2	GCA_002147055.1	NFDA01000020.1	Contig	BT_Cry8Pa2	100.0	same
OTX94785.1	100	BT_Cry8Qa1	GCA_002147055.1	NFDA01000026.1	Contig	BT_Cry8Qa1	100.0	same
OTX85968.1	100	BT_Cry8Kb1	GCA_002147055.1	NFDA01000068.1	Contig	BT_Cry8Kb1	100	same
OTY77561.1	99.9	NOV_Cry1Bd1_99.9_OTY77561.1	GCA_002147085.1	NFDO01000017.1	Contig	BT_Cry1Bd1	100.0	new
OTY74986.1	99.9	NOV_Cry1Ib7_99.9_OTY74986.1	GCA_002147085.1	NFDO01000048.1	Contig	NOV_Cry1Ib7_99.9_EXY05450.1	99.9	same
OTY64265.1	100	BT_Cry2Ac6	GCA_002147085.1	NFDO01000106.1	Contig	BT_Cry2Ac6	100.0	same
OTY63536.1	100	BT_Cry1Db1	GCA_002147085.1	NFDO01000120.1	Contig	BT_Cry1Db1	100.0	same
OTY63537.1	100	BT_Cry1Fb1	GCA_002147085.1	NFDO01000120.1	Contig	BT_Cry1Fb1	100.0	same
OTY56302.1	99.6	NOV_Cry9Ba2_99.6_OTY56302.1	GCA_002147085.1	NFDO01000185.1	Contig	NOV_Cry9Ba2_99.6_OTY56302.1	99.6	same
OTY56301.1	99.8	NOV_Cry9Aa1_99.8_OTY56301.1	GCA_002147085.1	NFDO01000186.1	Contig	NOV_Cry9Aa1_99.8_OTY56301.1	99.8	same
OTY56195.1	99.9	NOV_Cry1Gb2_99.9_OTY56195.1	GCA_002147085.1	NFDO01000190.1	Contig	NOV_Cry1Gb2_99.9_OTY56195.1	99.9	same
OTY54786.1	100	BT_Cry1Ab35	GCA_002147085.1	NFDO01000198.1	Contig	BT_Cry1Ab35	100.0	same
OTY50446.1	98.6	NOV_Cry2Ab4_98.6_OTY50446.1	GCA_002147085.1	NFDO01000213.1	Contig	NOV_Cry2Ab4_98.6_OTW61456.1	98.6	same
OTY50443.1	100	BT_Cry1Cb1	GCA_002147085.1	NFDO01000214.1	Contig	BT_Cry1Cb1	100.0	same
OTY50440.1	96.7	NOV_Cry2Ab4_96.7_OTY50440.1	GCA_002147085.1	NFDO01000215.1	Contig	NOV_Cry2Ab4_96.7_OTW63083.1	96.7	same
OTY50433.1	100	BT_Cry1Ga1	GCA_002147085.1	NFDO01000216.1	Contig	BT_Cry1Ga1	100.0	same
OTY90981.1	99.9	NOV_Cry1Ab35_99.9_OTY90981.1	GCA_002147105.1	NFDR01000064.1	Contig	NOV_Cry1Ab35_99.9_OTY90981.1	99.9	same
OTY88175.1	99.9	NOV_Cry1Bd1_99.9_OTY88175.1	GCA_002147105.1	NFDR01000097.1	Contig	BT_Cry1Bd1	100.0	new
OTY85311.1	100	BT_Cry1Ga1	GCA_002147105.1	NFDR01000140.1	Contig	BT_Cry1Ga1	100.0	same
OTY84534.1	99.9	NOV_Cry1Gb2_99.9_OTY84534.1	GCA_002147105.1	NFDR01000146.1	Contig	NOV_Cry1Gb2_99.9_OTY56195.1	99.9	same
OTY81209.1	99.9	NOV_Cry9Ba2_99.9_OTY81209.1	GCA_002147105.1	NFDR01000186.1	Contig	NOV_Cry9Ba2_99.9_OTY81209.1	99.9	same
OTY81129.1	99.9	NOV_Cry1Ib7_99.9_OTY81129.1	GCA_002147105.1	NFDR01000187.1	Contig	NOV_Cry1Ib7_99.9_EXY05450.1	99.9	same
OTY81130.1	100	BT_Cry1Db1	GCA_002147105.1	NFDR01000187.1	Contig	BT_Cry1Db1	100.0	same
OTY81131.1	100	BT_Cry1Fb1	GCA_002147105.1	NFDR01000187.1	Contig	BT_Cry1Fb1	100.0	same
OTY81124.1	100	BT_Cry9Aa1	GCA_002147105.1	NFDR01000188.1	Contig	BT_Cry9Aa1	100.0	same
OTY81076.1	100	BT_Cry2Ac6	GCA_002147105.1	NFDR01000190.1	Contig	BT_Cry2Ac6	100.0	same
OTY80983.1	100	BT_Cry1Cb1	GCA_002147105.1	NFDR01000193.1	Contig	BT_Cry1Cb1	100.0	same
OTY80916.1	100	BT_Cry2Ab4	GCA_002147105.1	NFDR01000195.1	Contig	BT_Cry2Ab4	100.0	same
OTZ05470.1	100	BT_Cry2Ab16	GCA_002147155.1	NFDV01000214.1	Scaffold	BT_Cry2Ab1	100	same
OTZ05476.1	100	BT_Cry1Aa12	GCA_002147155.1	NFDV01000214.1	Scaffold	BT_Cry1Aa12	100.0	same
OTZ05477.1	100	BT_Cry1Ia14	GCA_002147155.1	NFDV01000214.1	Scaffold	BT_Cry1Ia10	100	same
OTZ00150.1	100	BT_Cry1Da1	GCA_002147155.1	NFDV01000264.1	Scaffold	BT_Cry1Da1	100.0	same
OTZ00152.1	100	BT_Cry1Ca8	GCA_002147155.1	NFDV01000264.1	Scaffold	BT_Cry1Ca15	100	same
OTY84077.1	100	BT_Cry1Ia14	GCA_002147165.1	NFDU01000155.1	Scaffold	BT_Cry1Ia10	100	same
OTY83992.1	100	BT_Cry2Ab16	GCA_002147165.1	NFDU01000157.1	Scaffold	BT_Cry2Ab1	100	same
OTY76348.1	100	BT_Cry1Ca8	GCA_002147165.1	NFDU01000248.1	Scaffold	BT_Cry1Ca15	100	same
OTY76350.1	100	BT_Cry1Da1	GCA_002147165.1	NFDU01000248.1	Scaffold	BT_Cry1Da1	100.0	same
OTZ15274.1	100	BT_Cry1Ca8	GCA_002147185.1	NFDW01000121.1	Contig	BT_Cry1Ca15	100	same
OTZ15276.1	100	BT_Cry1Da1	GCA_002147185.1	NFDW01000121.1	Contig	BT_Cry1Da1	100.0	same
OTZ15087.1	100	BT_Cry1Ia14	GCA_002147185.1	NFDW01000124.1	Contig	BT_Cry1Ia10	100	same
OTZ13168.1	100	BT_Cry2Ab16	GCA_002147185.1	NFDW01000149.1	Contig	BT_Cry2Ab1	100	same
OTZ11691.1	100	BT_Cry9Ea1	GCA_002147185.1	NFDW01000165.1	Contig	BT_Cry9Ea1	100.0	same
OTY98192.1	100	BT_Cry1Ia14	GCA_002147235.1	NFDX01000152.1	Contig	BT_Cry1Ia10	100	same
OTY98193.1	100	BT_Cry1Aa12	GCA_002147235.1	NFDX01000152.1	Contig	BT_Cry1Aa12	100.0	same
OTY98199.1	100	BT_Cry2Ab16	GCA_002147235.1	NFDX01000152.1	Contig	BT_Cry2Ab1	100	same
OTY98186.1	100	BT_Cry9Ea1	GCA_002147235.1	NFDX01000153.1	Contig	BT_Cry9Ea1	100.0	same
OTZ48089.1	100	BT_Cry1Ac5	GCA_002147245.1	NFDZ01000007.1	Contig	BT_Cry1Ac17	100.0	same
OTZ43079.1	100	BT_Cry2Ab16	GCA_002147245.1	NFDZ01000058.1	Contig	BT_Cry2Ab1	100	same
OTZ38706.1	100	BT_Cry1Aa11	GCA_002147245.1	NFDZ01000102.1	Contig	BT_Cry1Aa11	100.0	same
OTZ20302.1	100	BT_Cry1Ia14	GCA_002147245.1	NFDZ01000270.1	Contig	BT_Cry1Ia10	100	same
OTZ20305.1	100	BT_Cry2Aa1	GCA_002147245.1	NFDZ01000270.1	Contig	BT_Cry2Aa1	100.0	same
OTZ18389.1	100	BT_Cry1Ea11	GCA_002147255.1	NFDY01000107.1	Scaffold	BT_Cry1Ea11	100.0	same
OTZ15900.1	100	BT_Cry2Aa1	GCA_002147255.1	NFDY01000139.1	Scaffold	BT_Cry2Aa1	100.0	same
OTZ15903.1	99.6	NOV_Cry1Ia14_99.6_OTZ15903.1	GCA_002147255.1	NFDY01000139.1	Scaffold	NOV_Cry1Ia14_99.6_OTX17809.1	99.6	same
OTZ14059.1	99.8	NOV_Cry1Ac2_99.8_OTZ14059.1	GCA_002147255.1	NFDY01000165.1	Scaffold	NOV_Cry1Ac2_99.8_OTZ14059.1	99.8	same
OTZ58098.1	46.1	NOV_Cry8Aa1_46.1_OTZ58098.1	GCA_002147315.1	NFEB01000014.1	Scaffold	NOV_Cry8Aa1_46.1_OTZ58098.1	46.1	same
OTZ54220.1	100	BT_Cry2Ad1	GCA_002147315.1	NFEB01000035.1	Scaffold	BT_Cry2Ad1	100.0	same
OTZ53847.1	100	BT_Cry1Hb1	GCA_002147315.1	NFEB01000036.1	Scaffold	NOV_Cry1Hb1_98.0_AMR88562.1	98.0	new
OTZ53849.1	99.9	NOV_Cry1Bb1_99.9_OTZ53849.1	GCA_002147315.1	NFEB01000036.1	Scaffold	BT_Cry1Bb1	100.0	new
OTZ53852.1	100	BT_Cry1Ab18	GCA_002147315.1	NFEB01000036.1	Scaffold	BT_Cry1Ab18	100.0	same
OTZ53859.1	100	BT_Cry1Nb1	GCA_002147315.1	NFEB01000036.1	Scaffold	NOV_Cry1Nb1_99.0_AMR88570.1	99.0	new
OTZ53864.1	100	BT_Cry1Ja2	GCA_002147315.1	NFEB01000036.1	Scaffold	BT_Cry1Ja2	100.0	same
OTZ53867.1	100	BT_Cry1Id1	GCA_002147315.1	NFEB01000036.1	Scaffold	BT_Cry1Id1	100.0	same
OTZ53868.1	99.9	NOV_Cry1Da3_99.9_OTZ53868.1	GCA_002147315.1	NFEB01000036.1	Scaffold	NOV_Cry1Da3_99.9_AMR88578.1	99.9	same
OTZ39194.1	99.8	NOV_Cry1Fb4_99.8_OTZ39194.1	GCA_002147325.1	NFEC01000033.1	Scaffold	NOV_Cry1Fb4_99.8_AMR88428.1	99.8	same
OTZ32741.1	99.8	NOV_Cry1Ka2_99.8_OTZ32741.1	GCA_002147325.1	NFEC01000097.1	Scaffold	NOV_Cry1Ka2_99.8_OTZ32741.1	99.8	same
OTZ30763.1	100	BT_Cry2Ad1	GCA_002147325.1	NFEC01000108.1	Scaffold	BT_Cry2Ad1	100.0	same
OTZ30108.1	100	BT_Cry1Hb1	GCA_002147325.1	NFEC01000118.1	Scaffold	NOV_Cry1Hb1_98.0_AMR88562.1	98.0	new
OTZ30110.1	99.9	NOV_Cry1Bb1_99.9_OTZ30110.1	GCA_002147325.1	NFEC01000118.1	Scaffold	BT_Cry1Bb1	100.0	new
OTZ30113.1	100	BT_Cry1Ab18	GCA_002147325.1	NFEC01000118.1	Scaffold	BT_Cry1Ab18	100.0	same
OTZ30120.1	99.9	NOV_Cry1Ib11_99.9_OTZ30120.1	GCA_002147325.1	NFEC01000118.1	Scaffold	NOV_Cry1Ib11_99.9_KIP24195.1	99.9	same
OTZ63029.1	99.8	NOV_Cry1Gb2_99.8_OTZ63029.1	GCA_002147375.1	NFEE01000025.1	Contig	NOV_Cry1Gb2_99.8_OTW53896.1	99.8	same
OTZ53632.1	99.9	NOV_Cry1Bd1_99.9_OTZ53632.1	GCA_002147375.1	NFEE01000106.1	Contig	BT_Cry1Bd1	100.0	new
OTZ53086.1	100	BT_Cry2Ab4	GCA_002147375.1	NFEE01000110.1	Contig	BT_Cry2Ab4	100.0	same
OTZ52987.1	100	BT_Cry1Cb1	GCA_002147375.1	NFEE01000112.1	Contig	BT_Cry1Cb1	100.0	same
OTZ48347.1	99.6	NOV_Cry1Ab35_99.6_OTZ48347.1	GCA_002147375.1	NFEE01000139.1	Contig	NOV_Cry1Ab35_99.6_OTW51788.1	99.6	same
OTZ47101.1	99.5	NOV_Cry9Aa1_99.5_OTZ47101.1	GCA_002147375.1	NFEE01000161.1	Contig	NOV_Cry9Aa1_99.5_OTZ47101.1	99.5	same
OTZ46996.1	99.9	NOV_Cry9Ba2_99.9_OTZ46996.1	GCA_002147375.1	NFEE01000162.1	Contig	NOV_Cry9Ba2_99.9_OTZ46996.1	99.9	same
OTZ46390.1	100	BT_Cry1Ga1	GCA_002147375.1	NFEE01000167.1	Contig	BT_Cry1Ga1	100.0	same
OTZ46143.1	98.1	NOV_Cry2Ab4_98.1_OTZ46143.1	GCA_002147375.1	NFEE01000171.1	Contig	NOV_Cry2Ab4_98.1_OTZ46143.1	98.1	same
OTZ43629.1	100	BT_Cry1Db1	GCA_002147375.1	NFEE01000193.1	Contig	BT_Cry1Db1	100.0	same
OTZ43630.1	100	BT_Cry1Fb1	GCA_002147375.1	NFEE01000193.1	Contig	BT_Cry1Fb1	100.0	same
OTZ43567.1	99.9	NOV_Cry1Ib7_99.9_OTZ43567.1	GCA_002147375.1	NFEE01000194.1	Contig	NOV_Cry1Ib7_99.9_EXY05450.1	99.9	same
OTZ43161.1	100	BT_Cry2Ac6	GCA_002147375.1	NFEE01000198.1	Contig	BT_Cry2Ac6	100.0	same
OTZ77559.1	99.8	NOV_Cry7Ab3_99.8_OTZ77559.1	GCA_002147415.1	NFEH01000037.1	Contig	NOV_Cry7Ab3_99.8_OTZ77559.1	99.8	same
OUA04284.1	100	BT_Cry2Ab16	GCA_002147435.1	NFEI01000038.1	Scaffold	BT_Cry2Ab1	100	same
OUA02994.1	100	BT_Cry1Ia14	GCA_002147435.1	NFEI01000051.1	Scaffold	BT_Cry1Ia10	100	same
OTZ94741.1	100	BT_Cry1Ac10	GCA_002147435.1	NFEI01000122.1	Scaffold	BT_Cry1Ac1	100	same
OTZ93984.1	100	BT_Cry1Aa12	GCA_002147435.1	NFEI01000129.1	Scaffold	BT_Cry1Aa12	100.0	same
OTZ98517.1	100	BT_Cry1Ea11	GCA_002147495.1	NFEK01000052.1	Scaffold	BT_Cry1Ea11	100.0	same
OUA02427.1	100	BT_Cry1Ea11	GCA_002147535.1	NFEM01000074.1	Contig	BT_Cry1Ea11	100.0	same
OTZ97385.1	99.8	NOV_Cry1Ac2_99.8_OTZ97385.1	GCA_002147535.1	NFEM01000123.1	Contig	NOV_Cry1Ac2_99.8_OTZ14059.1	99.8	same
OTZ92959.1	99.6	NOV_Cry1Ia14_99.6_OTZ92959.1	GCA_002147535.1	NFEM01000156.1	Contig	NOV_Cry1Ia14_99.6_OTX17809.1	99.6	same
OTZ92962.1	100	BT_Cry2Aa1	GCA_002147535.1	NFEM01000156.1	Contig	BT_Cry2Aa1	100.0	same
OUA19853.1	100	BT_Cry9Ea1	GCA_002147555.1	NFEN01000134.1	Scaffold	BT_Cry9Ea1	100.0	same
OUA19157.1	100	BT_Cry2Ab16	GCA_002147555.1	NFEN01000142.1	Scaffold	BT_Cry2Ab1	100	same
OUA19085.1	100	BT_Cry1Ia14	GCA_002147555.1	NFEN01000146.1	Scaffold	BT_Cry1Ia10	100	same
OUA13599.1	100	BT_Cry1Ca8	GCA_002147555.1	NFEN01000240.1	Scaffold	BT_Cry1Ca15	100	same
OUA13601.1	100	BT_Cry1Da1	GCA_002147555.1	NFEN01000240.1	Scaffold	BT_Cry1Da1	100.0	same
OUA29863.1	100	BT_Cry9Ea1	GCA_002147565.1	NFEP01000023.1	Contig	BT_Cry9Ea1	100.0	same
OUA23293.1	100	BT_Cry1Ac10	GCA_002147565.1	NFEP01000082.1	Contig	BT_Cry1Ac1	100	same
OUA22636.1	100	BT_Cry1Aa12	GCA_002147565.1	NFEP01000092.1	Contig	BT_Cry1Aa12	100.0	same
OUA22575.1	100	BT_Cry1Ia14	GCA_002147565.1	NFEP01000093.1	Contig	BT_Cry1Ia10	100	same
OUA22580.1	100	BT_Cry1Ca8	GCA_002147565.1	NFEP01000093.1	Contig	BT_Cry1Ca15	100	same
OUA22582.1	99.6	NOV_Cry1Da1_99.6_OUA22582.1	GCA_002147565.1	NFEP01000093.1	Contig	NOV_Cry1Da1_99.6_OUA22582.1	99.6	same
OUA14469.1	100	BT_Cry2Ab16	GCA_002147565.1	NFEP01000214.1	Contig	BT_Cry2Ab1	100	same
OUA21361.1	100	BT_Cry9Ea1	GCA_002147575.1	NFEO01000104.1	Contig	BT_Cry9Ea1	100.0	same
OUA20993.1	100	BT_Cry2Ab16	GCA_002147575.1	NFEO01000107.1	Contig	BT_Cry2Ab1	100	same
OUA20999.1	100	BT_Cry1Aa12	GCA_002147575.1	NFEO01000107.1	Contig	BT_Cry1Aa12	100.0	same
OUA21000.1	100	BT_Cry1Ia14	GCA_002147575.1	NFEO01000107.1	Contig	BT_Cry1Ia10	100	same
OUA21005.1	100	BT_Cry1Ca8	GCA_002147575.1	NFEO01000107.1	Contig	BT_Cry1Ca15	100	same
OUA21007.1	100	BT_Cry1Da1	GCA_002147575.1	NFEO01000107.1	Contig	BT_Cry1Da1	100.0	same
OUA49687.1	100	BT_Cry2Ab16	GCA_002147605.1	NFEQ01000071.1	Contig	BT_Cry2Ab1	100	same
OUA40858.1	100	BT_Cry1Ab12	GCA_002147605.1	NFEQ01000163.1	Contig	BT_Cry1Ab1	100	same
OUA40850.1	99.9	NOV_Cry1Aa12_99.9_OUA40850.1	GCA_002147605.1	NFEQ01000164.1	Contig	NOV_Cry1Aa12_99.9_OUA40850.1	99.9	same
OUA34007.1	100	BT_Cry1Ia14	GCA_002147605.1	NFEQ01000251.1	Contig	BT_Cry1Ia10	100	same
OUA34012.1	100	BT_Cry1Ca8	GCA_002147605.1	NFEQ01000251.1	Contig	BT_Cry1Ca15	100	same
OUA34014.1	100	BT_Cry1Da1	GCA_002147605.1	NFEQ01000251.1	Contig	BT_Cry1Da1	100.0	same
OUA38461.1	100	BT_Cry9Ea1	GCA_002147635.1	NFER01000123.1	Contig	BT_Cry9Ea1	100.0	same
OUA36885.1	100	BT_Cry1Ia14	GCA_002147635.1	NFER01000141.1	Contig	BT_Cry1Ia10	100	same
OUA36886.1	100	BT_Cry1Aa12	GCA_002147635.1	NFER01000141.1	Contig	BT_Cry1Aa12	100.0	same
OUA36892.1	100	BT_Cry2Ab16	GCA_002147635.1	NFER01000141.1	Contig	BT_Cry2Ab1	100	same
OUA45353.1	100	BT_Cry9Ea1	GCA_002147645.1	NFES01000054.1	Contig	BT_Cry9Ea1	100.0	same
OUA40248.1	100	BT_Cry1Ab12	GCA_002147645.1	NFES01000104.1	Contig	BT_Cry1Ab1	100	same
OUA35577.1	99.9	NOV_Cry1Aa12_99.9_OUA35577.1	GCA_002147645.1	NFES01000167.1	Contig	NOV_Cry1Aa12_99.9_OUA35577.1	99.9	same
OUA34148.1	100	BT_Cry2Ab16	GCA_002147645.1	NFES01000188.1	Contig	BT_Cry2Ab1	100	same
OUA32933.1	100	BT_Cry1Ia14	GCA_002147645.1	NFES01000208.1	Contig	BT_Cry1Ia10	100	same
OUA32938.1	100	BT_Cry1Ca8	GCA_002147645.1	NFES01000208.1	Contig	BT_Cry1Ca15	100	same
OUA32940.1	100	BT_Cry1Da1	GCA_002147645.1	NFES01000208.1	Contig	BT_Cry1Da1	100.0	same
OUA82733.1	100	BT_Cry9Ea1	GCA_002147685.1	NFEU01000056.1	Contig	BT_Cry9Ea1	100.0	same
OUA67399.1	100	BT_Cry2Ab16	GCA_002147685.1	NFEU01000196.1	Contig	BT_Cry2Ab1	100	same
OUA67405.1	100	BT_Cry1Aa12	GCA_002147685.1	NFEU01000196.1	Contig	BT_Cry1Aa12	100.0	same
OUA67406.1	100	BT_Cry1Ia14	GCA_002147685.1	NFEU01000196.1	Contig	BT_Cry1Ia10	100	same
OUA67411.1	100	BT_Cry1Ca8	GCA_002147685.1	NFEU01000196.1	Contig	BT_Cry1Ca15	100	same
OUA67413.1	100	BT_Cry1Da1	GCA_002147685.1	NFEU01000196.1	Contig	BT_Cry1Da1	100.0	same
OUA77719.1	100	BT_Cry9Ea1	GCA_002147725.1	NFEV01000132.1	Contig	BT_Cry9Ea1	100.0	same
OUA76906.1	100	BT_Cry2Ab16	GCA_002147725.1	NFEV01000140.1	Contig	BT_Cry2Ab1	100	same
OUA76864.1	100	BT_Cry1Da1	GCA_002147725.1	NFEV01000141.1	Contig	BT_Cry1Da1	100.0	same
OUA76866.1	100	BT_Cry1Ca8	GCA_002147725.1	NFEV01000141.1	Contig	BT_Cry1Ca15	100	same
OUA76871.1	100	BT_Cry1Ia14	GCA_002147725.1	NFEV01000141.1	Contig	BT_Cry1Ia10	100	same
OUB04094.1	100	BT_Cry41Ba2	GCA_002147835.1	MOOJ01000008.1	Contig	BT_Cry41Ba2	100	same
OUA92623.1	100	BT_Cry41Ba1	GCA_002147835.1	MOOJ01000053.1	Contig	NOV_Cry66Aa1_99.0_OUA92623.1	99.0	new
OUB62847.1	100	BT_Cry20Ba2	GCA_002147895.1	MOOK01000008.1	Contig	BT_Cry20Ba2	100.0	same
OUB51426.1	100	BT_Cry19Ba1	GCA_002147895.1	MOOK01000109.1	Contig	NOV_Cry19Ba1_98.0_OUB51426.1	98.0	new
OUB36504.1	100	BT_Cry73Aa1	GCA_002147935.1	MOOO01000171.1	Contig	BT_Cry73Aa1	100.0	same
OUB35201.1	97	NOV_Cry8Ba1_97.0_OUB35201.1	GCA_002147955.1	MOON01000023.1	Scaffold	BT_Cry8Ba2	100.0	new
OUB29323.1	97	NOV_Cry8Ba1_97.0_OUB29323.1	GCA_002147955.1	MOON01000077.1	Scaffold	BT_Cry8Ba2	100.0	new
OUB22932.1	97	NOV_Cry8Ba1_97.0_OUB22932.1	GCA_002147955.1	MOON01000109.1	Scaffold	BT_Cry8Ba2	100.0	new
OUB21150.1	97	NOV_Cry8Ba1_97.0_OUB21150.1	GCA_002147955.1	MOON01000117.1	Scaffold	BT_Cry8Ba2	100.0	new
OUB35623.1	63.8	NOV_Cry4Ba1_63.8_OUB35623.1	GCA_002148015.1	MOOM01000042.1	Contig	NOV_Cry4Ba1_63.8_OUB35623.1	63.8	same
OUB78400.1	97.8	NOV_Cry25Aa1_97.8_OUB78400.1	GCA_002148045.1	MOOS01000004.1	Scaffold	NOV_Cry25Aa1_97.8_OUB78400.1	97.8	same
OUB77820.1	100	BT_Cry11Ba1	GCA_002148045.1	MOOS01000026.1	Scaffold	BT_Cry11Ba1	100.0	same
OUB77817.1	67.1	NOV_Cry70Bb1_67.1_OUB77817.1	GCA_002148065.1	MOOR01000040.1	Scaffold	NOV_Cry70Bb1_67.1_OUB77817.1	67.1	same
OUC03368.1	99.7	NOV_Cry11Bb1_99.7_OUC03368.1	GCA_002148155.1	MOOV01000043.1	Scaffold	NOV_Cry11Bb1_99.7_OUC03368.1	99.7	same
OUC03129.1	96.4	NOV_Cry29Aa1_96.4_OUC03129.1	GCA_002148155.1	MOOV01000061.1	Scaffold	NOV_Cry29Aa1_96.4_OUC03129.1	96.4	same
ARV91367.1	100	BT_Cry7Ba1	GCA_002173755.1	CP017574.1	Complete Genome	BT_Cry7Ba1	100.0	same
ARV91400.1	100	BT_Cry7Ia1	GCA_002173755.1	CP017574.1	Complete Genome	NOV_Cry7Ia1_99.9_ARV91400.1	99.9	new
OXR51181.1	100	BT_Cry9Ea1	GCA_002236945.1	NHZG01000143.1	Scaffold	BT_Cry9Ea1	100.0	same
OXR53711.1	100	BT_Cry1Ia14	GCA_002236945.1	NHZG01000036.1	Scaffold	BT_Cry1Ia10	100	same
OXR53716.1	100	BT_Cry1Ca8	GCA_002236945.1	NHZG01000036.1	Scaffold	BT_Cry1Ca15	100	same
OXR53718.1	100	BT_Cry1Da1	GCA_002236945.1	NHZG01000036.1	Scaffold	BT_Cry1Da1	100.0	same
OXR51828.1	100	BT_Cry2Ab16	GCA_002236945.1	NHZG01000092.1	Scaffold	BT_Cry2Ab1	100	same
AST05277.1	100	BT_Cry1Ba1	GCA_002243685.1	CP020756.1	Complete Genome	NOV_Cry1Ba1_99.9_AST05277.1	99.9	new
PHQ17955.1	100	BT_Cry1Ca8	GCA_002268645.2	NHPK02000115.1	Contig	BT_Cry1Ca15	100	same
PHQ17551.1	100	BT_Cry1Ia14	GCA_002268645.2	NHPK02000153.1	Contig	BT_Cry1Ia10	100	same
PHQ17458.1	100	BT_Cry9Ea1	GCA_002268645.2	NHPK02000168.1	Contig	BT_Cry9Ea1	100.0	same
PHQ17345.1	100	BT_Cry1Da1	GCA_002268645.2	NHPK02000196.1	Contig	BT_Cry1Da1	100.0	same
PHQ18226.1	100	BT_Cry2Ab16	GCA_002268645.2	NHPK02000099.1	Contig	BT_Cry2Ab1	100	same
PDY40352.1	99.8	NOV_Cry5Ba1_99.8_PDY40352.1	GCA_002550215.1	NVKR01000002.1	Scaffold	NOV_Cry5Ba1_99.8_PDY40352.1	99.8	same
PDY37670.1	55.6	NOV_Cry65Aa2_55.6_PDY37670.1	GCA_002550215.1	NVKR01000034.1	Scaffold	NOV_Cry65Aa2_55.6_PDY37670.1	55.6	same
PEA88281.1	29.2	NOV_Cry19Aa1_29.2_PEA88281.1	GCA_002551615.1	NVNL01000033.1	Scaffold	NOV_Cry19Aa1_29.2_PEA88281.1	29.2	same
PEA91147.1	43.9	NOV_Cry43Cb1_43.9_PEA91147.1	GCA_002551615.1	NVNL01000006.1	Scaffold	NOV_Cry43Cb1_43.9_PEA91147.1	43.9	same
PEA86378.1	34.4	NOV_Cry4Cb3_34.4_PEA86378.1	GCA_002551615.1	NVNL01000077.1	Scaffold	NOV_Cry4Cb3_34.4_PEA86378.1	34.4	same
PEE63029.1	39	NOV_Cry32Wa1_39.0_PEE63029.1	GCA_002552905.1	NVKJ01000036.1	Scaffold	NOV_Cry73Ba1_39.0_PEE63029.1	39.0	new
PEE68563.1	60.3	NOV_Cry8Ja1_60.3_PEE68563.1	GCA_002552915.1	NVKK01000038.1	Scaffold	NOV_Cry8Ja1_60.3_PEE68563.1	60.3	same
PEE85821.1	39	NOV_Cry32Wa1_39.0_PEE85821.1	GCA_002552985.1	NVKY01000072.1	Scaffold	NOV_Cry73Ba1_39.0_PEE63029.1	39.0	new
PEK85070.1	100	BT_Cry1Ia14	GCA_002555365.1	NUCJ01000100.1	Scaffold	BT_Cry1Ia10	100	same
PEK85073.1	100	BT_Cry2Aa1	GCA_002555365.1	NUCJ01000100.1	Scaffold	BT_Cry2Aa1	100.0	same
PEK97620.1	100	BT_Cry2Ab16	GCA_002555365.1	NUCJ01000004.1	Scaffold	BT_Cry2Ab1	100	same
PEU83535.1	58	NOV_Cry69Ab1_58.0_PEU83535.1	GCA_002558015.1	NTVJ01000125.1	Scaffold	NOV_Cry69Ab1_58.0_PER42111.1	58.0	same
PEU81077.1	57.2	NOV_Cry9Ga1_57.2_PEU81077.1	GCA_002558015.1	NTVJ01000148.1	Scaffold	NOV_Cry9Ga1_57.2_PER39584.1	57.2	same
PEU80288.1	56.4	NOV_Cry56Aa4_56.4_PEU80288.1	GCA_002558015.1	NTVJ01000156.1	Scaffold	NOV_Cry56Aa4_56.4_PER37538.1	56.4	same
PEU78339.1	66.9	NOV_Cry40Da1_66.9_PEU78339.1	GCA_002558015.1	NTVJ01000175.1	Scaffold	NOV_Cry40Da1_66.9_PER55269.1	66.9	same
PEU78325.1	65.9	NOV_Cry71Aa1_65.9_PEU78325.1	GCA_002558015.1	NTVJ01000176.1	Scaffold	NOV_Cry71Aa1_65.9_PER41598.1	65.9	same
PEU74801.1	97.3	NOV_Cry70Ba1_97.3_PEU74801.1	GCA_002558015.1	NTVJ01000233.1	Scaffold	NOV_Cry70Ba1_97.3_PER34669.1	97.3	same
PEU91245.1	80.1	NOV_Cry68Aa1_80.1_PEU91245.1	GCA_002558015.1	NTVJ01000032.1	Scaffold	NOV_Cry68Aa1_80.1_PER38368.1	80.1	same
PER42111.1	58	NOV_Cry69Ab1_58.0_PER42111.1	GCA_002558525.1	NTYF01000198.1	Scaffold	NOV_Cry69Ab1_58.0_PER42111.1	58.0	same
PER41598.1	65.9	NOV_Cry71Aa1_65.9_PER41598.1	GCA_002558525.1	NTYF01000206.1	Scaffold	NOV_Cry71Aa1_65.9_PER41598.1	65.9	same
PER39584.1	57.2	NOV_Cry9Ga1_57.2_PER39584.1	GCA_002558525.1	NTYF01000218.1	Scaffold	NOV_Cry9Ga1_57.2_PER39584.1	57.2	same
PER38368.1	80.1	NOV_Cry68Aa1_80.1_PER38368.1	GCA_002558525.1	NTYF01000234.1	Scaffold	NOV_Cry68Aa1_80.1_PER38368.1	80.1	same
PER37538.1	56.4	NOV_Cry56Aa4_56.4_PER37538.1	GCA_002558525.1	NTYF01000246.1	Scaffold	NOV_Cry56Aa4_56.4_PER37538.1	56.4	same
PER55269.1	66.9	NOV_Cry40Da1_66.9_PER55269.1	GCA_002558525.1	NTYF01000024.1	Scaffold	NOV_Cry40Da1_66.9_PER55269.1	66.9	same
PER34669.1	97.3	NOV_Cry70Ba1_97.3_PER34669.1	GCA_002558525.1	NTYF01000308.1	Scaffold	NOV_Cry70Ba1_97.3_PER34669.1	97.3	same
PFB88478.1	39.2	NOV_Cry32Wa1_39.2_PFB88478.1	GCA_002559825.1	NTQD01000005.1	Scaffold	NOV_Cry73Ba1_39.2_PFB88478.1	39.2	new
PFE13212.1	37.1	NOV_Cry32Ma1_37.1_PFE13212.1	GCA_002560645.1	NTRS01000073.1	Contig	NOV_Cry32Ma1_37.1_PFE13212.1	37.1	same
PFE36768.1	70.8	NOV_Cry65Aa2_70.8_PFE36768.1	GCA_002560695.1	NTRU01000174.1	Scaffold	NOV_Cry65Aa2_70.8_PFE36768.1	70.8	same
PFE29821.1	99.8	NOV_Cry5Ba1_99.8_PFE29821.1	GCA_002560695.1	NTRU01000302.1	Scaffold	NOV_Cry5Ba1_99.8_PDY40352.1	99.8	same
PFE45262.1	100	BT_Cry5Aa1	GCA_002560695.1	NTRU01000084.1	Scaffold	BT_Cry5Aa1	100.0	same
PFA82393.1	99.9	NOV_Cry1Ib11_99.9_PFA82393.1	GCA_002561465.1	NTUS01000221.1	Scaffold	NOV_Cry1Ib11_99.9_KIP24195.1	99.9	same
PFA97486.1	100	BT_Cry1Ja1	GCA_002561465.1	NTUS01000076.1	Scaffold	BT_Cry1Ja1	100.0	same
PEZ39117.1	28.9	NOV_Cry21Ba1_28.9_PEZ39117.1	GCA_002561825.1	NTTO01000047.1	Scaffold	NOV_Cry21Ba1_28.9_PEZ39117.1	28.9	same
PFF41055.1	46.1	NOV_Cry8Aa1_46.1_PFF41055.1	GCA_002563205.1	NTSL01000039.1	Scaffold	NOV_Cry8Aa1_46.1_OTZ58098.1	46.1	same
PFI05053.1	57.2	NOV_Cry9Ga1_57.2_PFI05053.1	GCA_002564505.1	NUUZ01000131.1	Scaffold	NOV_Cry9Ga1_57.2_PER39584.1	57.2	same
PFI04008.1	65.9	NOV_Cry71Aa1_65.9_PFI04008.1	GCA_002564505.1	NUUZ01000149.1	Scaffold	NOV_Cry71Aa1_65.9_PER41598.1	65.9	same
PFH99743.1	80.1	NOV_Cry68Aa1_80.1_PFH99743.1	GCA_002564505.1	NUUZ01000211.1	Scaffold	NOV_Cry68Aa1_80.1_PER38368.1	80.1	same
PFH99578.1	56.4	NOV_Cry56Aa4_56.4_PFH99578.1	GCA_002564505.1	NUUZ01000218.1	Scaffold	NOV_Cry56Aa4_56.4_PER37538.1	56.4	same
PFH99374.1	58	NOV_Cry69Ab1_58.0_PFH99374.1	GCA_002564505.1	NUUZ01000224.1	Scaffold	NOV_Cry69Ab1_58.0_PER42111.1	58.0	same
PFH98146.1	66.9	NOV_Cry40Da1_66.9_PFH98146.1	GCA_002564505.1	NUUZ01000256.1	Scaffold	NOV_Cry40Da1_66.9_PER55269.1	66.9	same
PFI06834.1	97.3	NOV_Cry70Ba1_97.3_PFI06834.1	GCA_002564505.1	NUUZ01000087.1	Scaffold	NOV_Cry70Ba1_97.3_PER34669.1	97.3	same
PFJ62899.1	37.1	NOV_Cry32Ma1_37.1_PFJ62899.1	GCA_002565385.1	NUWB01000023.1	Contig	NOV_Cry32Ma1_37.1_PFE13212.1	37.1	same
PFK99360.1	39.2	NOV_Cry32Wa1_39.2_PFK99360.1	GCA_002566325.1	NUWX01000002.1	Scaffold	NOV_Cry73Ba1_39.2_PFK99360.1	39.2	new
PFM86094.1	39	NOV_Cry32Wa1_39.0_PFM86094.1	GCA_002566555.1	NUYG01000063.1	Scaffold	NOV_Cry73Ba1_39.0_PEE63029.1	39.0	new
PFP10217.1	39	NOV_Cry32Wa1_39.0_PFP10217.1	GCA_002566935.1	NUZR01000007.1	Scaffold	NOV_Cry73Ba1_39.0_PFP10217.1	39.0	new
PFT09171.1	46.1	NOV_Cry8Aa1_46.1_PFT09171.1	GCA_002568285.1	NVCK01000044.1	Scaffold	NOV_Cry8Aa1_46.1_OTZ58098.1	46.1	same
PFV01225.1	37.1	NOV_Cry32Ma1_37.1_PFV01225.1	GCA_002570855.1	NVDM01000021.1	Scaffold	NOV_Cry32Ma1_37.1_PFE13212.1	37.1	same
PFT97155.1	99.8	NOV_Cry5Ba1_99.8_PFT97155.1	GCA_002571105.1	NVCX01000141.1	Scaffold	NOV_Cry5Ba1_99.8_PDY40352.1	99.8	same
PFU07373.1	70.8	NOV_Cry65Aa2_70.8_PFU07373.1	GCA_002571105.1	NVCX01000059.1	Scaffold	NOV_Cry65Aa2_70.8_PFE36768.1	70.8	same
PFV85565.1	39.2	NOV_Cry32Wa1_39.2_PFV85565.1	GCA_002571265.1	NVEF01000073.1	Scaffold	NOV_Cry73Ba1_39.2_PFV85565.1	39.2	new
PFW25264.1	65.9	NOV_Cry71Aa1_65.9_PFW25264.1	GCA_002571305.1	NVEK01000186.1	Scaffold	NOV_Cry71Aa1_65.9_PER41598.1	65.9	same
PFW49142.1	58.2	NOV_Cry9Ga1_58.2_PFW49142.1	GCA_002571305.1	NVEK01000018.1	Scaffold	NOV_Cry9Ga1_58.2_PFW49142.1	58.2	same
PFW24146.1	80.1	NOV_Cry68Aa1_80.1_PFW24146.1	GCA_002571305.1	NVEK01000201.1	Scaffold	NOV_Cry68Aa1_80.1_PER38368.1	80.1	same
PFW19349.1	58	NOV_Cry69Ab1_58.0_PFW19349.1	GCA_002571305.1	NVEK01000319.1	Scaffold	NOV_Cry69Ab1_58.0_PER42111.1	58.0	same
PFW18565.1	97.3	NOV_Cry70Ba1_97.3_PFW18565.1	GCA_002571305.1	NVEK01000342.1	Scaffold	NOV_Cry70Ba1_97.3_PER34669.1	97.3	same
PFW17822.1	66.9	NOV_Cry40Da1_66.9_PFW17822.1	GCA_002571305.1	NVEK01000362.1	Scaffold	NOV_Cry40Da1_66.9_PER55269.1	66.9	same
PFW20907.1	56.4	NOV_Cry56Aa4_56.4_PFW20907.1	GCA_002571305.1	NVEK01000257.1	Scaffold	NOV_Cry56Aa4_56.4_PER37538.1	56.4	same
PGE54611.1	100	BT_Cry2Aa1	GCA_002572135.1	NVJS01000099.1	Scaffold	BT_Cry2Aa1	100.0	same
PGE54614.1	100	BT_Cry1Ia14	GCA_002572135.1	NVJS01000099.1	Scaffold	BT_Cry1Ia10	100	same
PGE63619.1	100	BT_Cry2Ab16	GCA_002572135.1	NVJS01000005.1	Scaffold	BT_Cry2Ab1	100	same
PGK06240.1	100	BT_Cry2Aa1	GCA_002574115.1	NUFO01000009.1	Scaffold	BT_Cry2Aa1	100.0	same
PGK06243.1	100	BT_Cry1Ia14	GCA_002574115.1	NUFO01000009.1	Scaffold	BT_Cry1Ia10	100	same
PGK06244.1	100	BT_Cry1Aa12	GCA_002574115.1	NUFO01000009.1	Scaffold	BT_Cry1Aa12	100.0	same
PGK06250.1	100	BT_Cry2Ab16	GCA_002574115.1	NUFO01000009.1	Scaffold	BT_Cry2Ab1	100	same
PGH98789.1	99.9	NOV_Cry1Ba1_99.9_PGH98789.1	GCA_002574115.1	NUFO01000053.1	Scaffold	BT_Cry1Ba1	100.0	new
PGK36565.1	46.1	NOV_Cry8Aa1_46.1_PGK36565.1	GCA_002574265.1	NUFW01000038.1	Scaffold	NOV_Cry8Aa1_46.1_OTZ58098.1	46.1	same
PGL13502.1	99.6	NOV_Cry5Ba1_99.6_PGL13502.1	GCA_002574895.1	NUGJ01000222.1	Scaffold	NOV_Cry5Ba1_99.6_PGL13502.1	99.6	same
PGO36223.1	99.7	NOV_Cry5Aa1_99.7_PGO36223.1	GCA_002576585.1	NUIK01000102.1	Scaffold	NOV_Cry5Aa1_99.7_PGO36223.1	99.7	same
PGO34936.1	99.8	NOV_Cry5Ba1_99.8_PGO34936.1	GCA_002576585.1	NUIK01000111.1	Scaffold	NOV_Cry5Ba1_99.8_PDY40352.1	99.8	same
PGO34728.1	55.6	NOV_Cry65Aa2_55.6_PGO34728.1	GCA_002576585.1	NUIK01000114.1	Scaffold	NOV_Cry65Aa2_55.6_PDY37670.1	55.6	same
PGP47008.1	39	NOV_Cry32Wa1_39.0_PGP47008.1	GCA_002576765.1	NUJG01000096.1	Scaffold	NOV_Cry73Ba1_39.0_PFP10217.1	39.0	new
PGR92655.1	39.2	NOV_Cry32Wa1_39.2_PGR92655.1	GCA_002577025.1	NUKV01000051.1	Scaffold	NOV_Cry73Ba1_39.2_PFV85565.1	39.2	new
PGU92045.1	39	NOV_Cry32Wa1_39.0_PGU92045.1	GCA_002578625.1	NUMX01000070.1	Scaffold	NOV_Cry73Ba1_39.0_PGU92045.1	39.0	new
PHD77627.1	100	BT_Cry2Ab16	GCA_002581075.1	NUSR01000157.1	Scaffold	BT_Cry2Ab1	100	same
PHD85153.1	100	BT_Cry2Aa1	GCA_002581075.1	NUSR01000060.1	Scaffold	BT_Cry2Aa1	100.0	same
PHD85156.1	100	BT_Cry1Ia14	GCA_002581075.1	NUSR01000060.1	Scaffold	BT_Cry1Ia10	100	same
PGY60137.1	39	NOV_Cry32Wa1_39.0_PGY60137.1	GCA_002583285.1	NUPE01000009.1	Scaffold	NOV_Cry73Ba1_39.0_PFP10217.1	39.0	new
PGW42274.1	44	NOV_Cry14Aa1_44.0_PGW42274.1	GCA_002584205.1	NUNU01000102.1	Scaffold	NOV_Cry14Aa1_44.0_PGW42274.1	44.0	same
PGW46196.1	42.4	NOV_Cry14Ab1_42.4_PGW46196.1	GCA_002584205.1	NUNU01000061.1	Scaffold	NOV_Cry14Ab1_42.4_PGW46196.1	42.4	same
PGW46198.1	41.1	NOV_Cry14Aa1_41.1_PGW46198.1	GCA_002584205.1	NUNU01000061.1	Scaffold	NOV_Cry14Aa1_41.1_PGW46198.1	41.1	same
PGY63215.1	28.9	NOV_Cry21Ba1_28.9_PGY63215.1	GCA_002585935.1	NUPB01000012.1	Scaffold	NOV_Cry21Ba1_28.9_PEZ39117.1	28.9	same
PGY64190.1	97.3	NOV_Cry70Ba1_97.3_PGY64190.1	GCA_002586085.1	NUPG01000184.1	Scaffold	NOV_Cry70Ba1_97.3_PER34669.1	97.3	same
PGY64183.1	80.1	NOV_Cry68Aa1_80.1_PGY64183.1	GCA_002586085.1	NUPG01000186.1	Scaffold	NOV_Cry68Aa1_80.1_PER38368.1	80.1	same
PGY64101.1	66.9	NOV_Cry40Da1_66.9_PGY64101.1	GCA_002586085.1	NUPG01000191.1	Scaffold	NOV_Cry40Da1_66.9_PER55269.1	66.9	same
PGY63227.1	65.9	NOV_Cry71Aa1_65.9_PGY63227.1	GCA_002586085.1	NUPG01000228.1	Scaffold	NOV_Cry71Aa1_65.9_PER41598.1	65.9	same
PGY73908.1	58	NOV_Cry69Ab1_58.0_PGY73908.1	GCA_002586085.1	NUPG01000083.1	Scaffold	NOV_Cry69Ab1_58.0_PER42111.1	58.0	same
PHG40087.1	100	BT_Cry2Ab16	GCA_002589015.1	NUUL01000114.1	Scaffold	BT_Cry2Ab1	100	same
PHG55433.1	100	BT_Cry1Ia14	GCA_002589015.1	NUUL01000006.1	Scaffold	BT_Cry1Ia10	100	same
PHG55436.1	100	BT_Cry2Aa1	GCA_002589015.1	NUUL01000006.1	Scaffold	BT_Cry2Aa1	100.0	same
PHF50510.1	100	BT_Cry2Aa1	GCA_002589045.1	NUTX01000397.1	Scaffold	BT_Cry2Aa1	100.0	same
PHF50513.1	100	BT_Cry1Ia14	GCA_002589045.1	NUTX01000397.1	Scaffold	BT_Cry1Ia10	100	same
PHF69249.1	100	BT_Cry2Ab16	GCA_002589045.1	NUTX01000040.1	Scaffold	BT_Cry2Ab1	100	same
PNK22955.1	51.1	NOV_Cry8Db1_51.1_PNK22955.1	GCA_002893505.1	NHNN01000056.1	Contig	NOV_Cry8Db1_51.1_PNK22955.1	51.1	same
PNK22471.1	100	BT_Cry8Ga2	GCA_002893505.1	NHNN01000081.1	Contig	BT_Cry8Ga2	100.0	same
PNK25039.1	100	BT_Cry8Fa1	GCA_002893515.1	NHNO01000112.1	Contig	BT_Cry8Fa1	100.0	same
PNK32300.1	80	NOV_Cry8Ab1_80.0_PNK32300.1	GCA_002893515.1	NHNO01000062.1	Contig	NOV_Cry8Ab1_80.0_AMR06151.1	80.0	same
PNK28167.1	100	BT_Cry8Ea3	GCA_002893515.1	NHNO01000078.1	Contig	BT_Cry8Ea1	100	same
PNK28168.1	99.8	NOV_Cry8Ca1_99.8_PNK28168.1	GCA_002893515.1	NHNO01000078.1	Contig	NOV_Cry8Ca1_99.8_AYF84850.1	99.8	same
PNK22276.1	100	BT_Cry2Aa1	GCA_002893525.1	NHNP01000096.1	Contig	BT_Cry2Aa1	100.0	same
PNK41404.1	100	BT_Cry1Ka2	GCA_002893565.1	NHNR01000128.1	Contig	BT_Cry1Ka2	100.0	same
PNK40066.1	99.9	NOV_Cry1Fb3_99.9_PNK40066.1	GCA_002893565.1	NHNR01000183.1	Contig	NOV_Cry1Fb3_99.9_PNK40066.1	99.9	same
PNK40029.1	99.9	NOV_Cry1Da3_99.9_PNK40029.1	GCA_002893565.1	NHNR01000189.1	Contig	NOV_Cry1Da3_99.9_PNK40029.1	99.9	same
PNK40024.1	99.9	NOV_Cry1Ib11_99.9_PNK40024.1	GCA_002893565.1	NHNR01000190.1	Contig	NOV_Cry1Ib11_99.9_KIP24195.1	99.9	same
PNK40012.1	100	BT_Cry1Ab18	GCA_002893565.1	NHNR01000193.1	Contig	BT_Cry1Ab18	100.0	same
PNK46490.1	99.9	NOV_Cry1Bb1_99.9_PNK46490.1	GCA_002893565.1	NHNR01000027.1	Contig	BT_Cry1Bb1	100.0	new
PNK46492.1	100	BT_Cry1Hb1	GCA_002893565.1	NHNR01000027.1	Contig	NOV_Cry1Hb1_98.0_AMR88562.1	98.0	new
PNK42250.1	100	BT_Cry1Id1	GCA_002893565.1	NHNR01000094.1	Contig	BT_Cry1Id1	100.0	same
PNK42253.1	100	BT_Cry1Ja2	GCA_002893565.1	NHNR01000094.1	Contig	BT_Cry1Ja2	100.0	same
PNK42258.1	100	BT_Cry1Nb1	GCA_002893565.1	NHNR01000094.1	Contig	NOV_Cry1Nb1_99.0_AMR88570.1	99.0	new
PNK47117.1	51.1	NOV_Cry8Db1_51.1_PNK47117.1	GCA_002893585.1	NHNS01000066.1	Contig	NOV_Cry8Db1_51.1_PNK22955.1	51.1	same
PNK46110.1	100	BT_Cry8Ga2	GCA_002893585.1	NHNS01000079.1	Contig	BT_Cry8Ga2	100.0	same
PNK42405.1	100	BT_Cry1Ca8	GCA_002893605.1	NHNQ01000127.1	Contig	BT_Cry1Ca15	100	same
PNK42101.1	100	BT_Cry2Ab16	GCA_002893605.1	NHNQ01000136.1	Contig	BT_Cry2Ab1	100	same
PNK41517.1	100	BT_Cry1Ia14	GCA_002893605.1	NHNQ01000159.1	Contig	BT_Cry1Ia10	100	same
PNK41087.1	100	BT_Cry9Ea1	GCA_002893605.1	NHNQ01000187.1	Contig	BT_Cry9Ea1	100.0	same
PNK40022.1	100	BT_Cry1Da1	GCA_002893605.1	NHNQ01000223.1	Contig	BT_Cry1Da1	100.0	same
PQQ47595.1	79.3	NOV_Cry1Ie5_79.3_PQQ47595.1	GCA_002969075.1	PUWY01000071.1	Scaffold	NOV_Cry1Ie5_79.3_PQQ47595.1	79.3	same
PQQ47537.1	40	NOV_Cry73Aa1_40.0_PQQ47537.1	GCA_002969075.1	PUWY01000073.1	Scaffold	NOV_Cry73Aa1_40.0_PQQ47537.1	40.0	same
PTN43520.1	100	BT_Cry1Ac10	GCA_003046465.1	PZQR01000102.1	Scaffold	BT_Cry1Ac1	100	same
RBN53067.1	100	BT_Cry1Ca8	GCA_003312445.1	QNUR01000115.1	Contig	BT_Cry1Ca15	100	same
RBN52662.1	100	BT_Cry1Ia14	GCA_003312445.1	QNUR01000153.1	Contig	BT_Cry1Ia10	100	same
RBN52569.1	100	BT_Cry9Ea1	GCA_003312445.1	QNUR01000168.1	Contig	BT_Cry9Ea1	100.0	same
RBN52453.1	100	BT_Cry1Da1	GCA_003312445.1	QNUR01000196.1	Contig	BT_Cry1Da1	100.0	same
RBN53338.1	100	BT_Cry2Ab16	GCA_003312445.1	QNUR01000099.1	Contig	BT_Cry2Ab1	100	same
AXY11181.1	100	BT_Cry41Ca1	GCA_003546665.1	CP024772.1	Complete Genome	BT_Cry41Ca1	100.0	same
AXY11292.1	100	BT_Cry32Wa1	GCA_003546665.1	CP024772.1	Complete Genome	BT_Cry73Ba1	100.0	new
AXY11305.1	100	BT_Cry32Va1	GCA_003546665.1	CP024772.1	Complete Genome	BT_Cry32Va1	100.0	same
AXY11484.1	57.7	NOV_Cry32Ma1_57.7_AXY11484.1	GCA_003546665.1	CP024774.1	Complete Genome	NOV_Cry32Ma1_57.7_AXY11484.1	57.7	same
AYF84829.1	100	BT_Cry8Fa1	GCA_003626955.1	CP032609.1	Complete Genome	BT_Cry8Fa1	100.0	same
AYF84849.1	100	BT_Cry8Ea3	GCA_003626955.1	CP032609.1	Complete Genome	BT_Cry8Ea1	100	same
AYF84850.1	99.8	NOV_Cry8Ca1_99.8_AYF84850.1	GCA_003626955.1	CP032609.1	Complete Genome	NOV_Cry8Ca1_99.8_AYF84850.1	99.8	same
AYF84876.1	80	NOV_Cry8Ab1_80.0_AYF84876.1	GCA_003626955.1	CP032609.1	Complete Genome	NOV_Cry8Ab1_80.0_AMR06151.1	80.0	same
RNG36219.1	100	BT_Cry3Aa1	GCA_003719805.1	RIBV01000230.1	Contig	BT_Cry3Aa1	100.0	same
AZR80780.1	64.6	NOV_Cry21Ca2_64.6_AZR80780.1	GCA_003991175.1	CP021440.1	Complete Genome	NOV_Cry21Ca2_64.6_AZR80780.1	64.6	same
AZR80678.1	27.2	NOV_Cry5Ba1_27.2_AZR80678.1	GCA_003991175.1	CP021438.1	Complete Genome	NOV_Cry5Ba1_27.2_AZR80678.1	27.2	same
AZR80706.1	99.7	NOV_Cry21Aa2_99.7_AZR80706.1	GCA_003991175.1	CP021438.1	Complete Genome	BT_Cry21Aa3	100.0	new
AZR80772.1	44.6	NOV_Cry21Aa2_44.6_AZR80772.1	GCA_003991175.1	CP021439.1	Complete Genome	NOV_Cry21Aa2_44.6_AZR80772.1	44.6	same
AZR80774.1	65.9	NOV_Cry21Ca2_65.9_AZR80774.1	GCA_003991175.1	CP021439.1	Complete Genome	NOV_Cry21Ca2_65.9_AZR80774.1	65.9	same
RVU62660.1	100	BT_Cry12Aa1	GCA_004009875.1	LDER01000245.1	Contig	BT_Cry12Aa1	100.0	same
RYS59630.1	100	BT_Cry2Aa1	GCA_004167115.1	RBVK01000076.1	Scaffold	BT_Cry2Aa1	100.0	same
RYS59633.1	100	BT_Cry1Ia14	GCA_004167115.1	RBVK01000076.1	Scaffold	BT_Cry1Ia10	100	same
RYS58618.1	100	BT_Cry2Ab16	GCA_004167115.1	RBVK01000083.1	Scaffold	BT_Cry2Ab1	100	same
QBP15688.1	100	BT_Cry11Aa1	GCA_004194435.2	CP037456.1	Chromosome	BT_Cry11Aa1	100.0	same
QBP15695.1	100	BT_Cry4Ba1	GCA_004194435.2	CP037456.1	Chromosome	BT_Cry4Ba1	100.0	same
QBP15696.1	100	BT_Cry10Aa3	GCA_004194435.2	CP037456.1	Chromosome	BT_Cry10Aa3	100.0	same
QBP15732.1	100	BT_Cry4Aa2	GCA_004194435.2	CP037456.1	Chromosome	BT_Cry4Aa2	100.0	same
TBX61382.1	100	BT_Cry9Ea1	GCA_004330415.1	SJQC01000357.1	Contig	BT_Cry9Ea1	100.0	same
TBX73091.1	100	BT_Cry1Ab12	GCA_004330415.1	SJQC01000185.1	Contig	BT_Cry1Ab1	100	same
TBX72000.1	100	BT_Cry1Aa11	GCA_004330415.1	SJQC01000214.1	Contig	BT_Cry1Aa1	100.0	new
TBX99229.1	100	BT_Cry1Ia14	GCA_004330415.1	SJQC01000031.1	Contig	BT_Cry1Ia10	100	same
TBX99235.1	100	BT_Cry1Ca8	GCA_004330415.1	SJQC01000031.1	Contig	BT_Cry1Ca15	100	same
TBX99239.1	100	BT_Cry1Da1	GCA_004330415.1	SJQC01000031.1	Contig	BT_Cry1Da1	100.0	same
TBX88898.1	100	BT_Cry2Ab16	GCA_004330415.1	SJQC01000076.1	Contig	BT_Cry2Ab1	100	same
QBM59570.1	100	BT_Cry11Aa1	GCA_004354265.1	CP037887.1	Chromosome	BT_Cry11Aa1	100.0	same
QBM59577.1	100	BT_Cry4Ba1	GCA_004354265.1	CP037887.1	Chromosome	BT_Cry4Ba1	100.0	same
QBM59578.1	100	BT_Cry10Aa3	GCA_004354265.1	CP037887.1	Chromosome	BT_Cry10Aa3	100.0	same
QBM59613.1	100	BT_Cry4Aa2	GCA_004354265.1	CP037887.1	Chromosome	BT_Cry4Aa2	100.0	same
TEA80813.1	48.7	NOV_Cry5Ba1_48.7_TEA80813.1	GCA_004368515.1	JZKB01000011.1	Scaffold	NOV_Cry5Ba1_48.7_TEA80813.1	48.7	same
