new_ref_name	init_ref_name	length_list	length_range	num_clusters	dedup_clusters	seq_names_old	seq_names_new	unique_nucl_full	unique_nucl_names
NOV_Cry65Aa2_55.6_PDY37670.1	Cry65Aa2(55.6)_PDY37670.1(+)	664;500	164	6	6	Cry65Aa2(70.8)_PFU07373.1(-);Cry65Aa2(55.6)_WP_097984025.1;Cry65Aa2(70.8)_WP_098282407.1;Cry65Aa2(55.6)_PDY37670.1(+);Cry65Aa2(70.8)_PFE36768.1(-);Cry65Aa2(55.6)_PGO34728.1(+)	NOV_Cry65Aa2_70.8_PFU07373.1;NOV_Cry65Aa2_55.6_WP_097984025.1;NOV_Cry65Aa2_70.8_WP_098282407.1;NOV_Cry65Aa2_55.6_PDY37670.1;NOV_Cry65Aa2_70.8_PFE36768.1;NOV_Cry65Aa2_55.6_PGO34728.1	1	NOV_Cry65Aa2_55.6_PDY37670.1
BT_Cry41Ba1	Cry41Ba1	663	0	3	3	Cry41Ba1;Cry66Aa2;Cry66Aa1	BT_Cry41Ba1;BT_Cry66Aa2;BT_Cry66Aa1	1	BT_Cry41Ba1
NOV_Cry58Aa1_27.6_AGS78122.1	Cry58Aa1(27.6)_AGS78122.1	645	0	2	1	Cry58Aa1(27.6)_AGS78122.1	NOV_Cry58Aa1_27.6_AGS78122.1	1	NOV_Cry58Aa1_27.6_AGS78122.1
BT_Cry5Ca1	Cry5Ca1	643	0	2	2	Cry5Ca2;Cry5Ca1	BT_Cry5Ca2;BT_Cry5Ca1	1	BT_Cry5Ca1
BT_Cry65Aa2	Cry65Aa2	638	0	3	3	Cry65Aa2(99.9)_KIU76094.1(-);Cry65Aa2;Cry65Aa2(99.9)_EEM44456.1(+)	NOV_Cry65Aa2_99.9_KIU76094.1;BT_Cry65Aa2;NOV_Cry65Aa2_99.9_EEM44456.1	1	BT_Cry65Aa2
NOV_Cry32Ua1_65.2_AQM56939.1	Cry32Ua1(65.2)_AQM56939.1	634	0	2	1	Cry32Ua1(65.2)_AQM56939.1	NOV_Cry32Ua1_65.2_AQM56939.1	1	NOV_Cry32Ua1_65.2_AQM56939.1
BT_Cry21Da1	Cry21Da1		0	1	1	Cry21Da1	BT_Cry21Da1	1	BT_Cry21Da1
NOV_Cry21Ca2_37.1_AOM14729.1	Cry21Ca2(37.1)_AOM14729.1(+)	625	0	3	2	Cry21Ca2(37.1)_AOM14729.1;Cry21Ca2(37.1)_WP_069356935.1;Cry21Ca2(37.1)_AOM14729.1(+)	NOV_Cry21Ca2_37.1_AOM14729.1;NOV_Cry21Ca2_37.1_WP_069356935.1;NOV_Cry21Ca2_37.1_AOM14729.1	1	NOV_Cry21Ca2_37.1_AOM14729.1
BT_Cry58Aa1	Cry58Aa1		0	1	1	Cry58Aa1	BT_Cry58Aa1	1	BT_Cry58Aa1
NOV_Cry41Ca1_50.4_AZJ24166.1	Cry41Ca1(50.4)_AZJ24166.1		0	1	1	Cry41Ca1(50.4)_AZJ24166.1	NOV_Cry41Ca1_50.4_AZJ24166.1	1	NOV_Cry41Ca1_50.4_AZJ24166.1
NOV_Cry14Aa1_41.1_PGW46198.1	Cry14Aa1(41.1)_PGW46198.1(+)	614	0	2	2	Cry14Aa1(41.1)_PGW46198.1(+);Cry14Aa1(41.1)_WP_098976285.1	NOV_Cry14Aa1_41.1_PGW46198.1;NOV_Cry14Aa1_41.1_WP_098976285.1	1	NOV_Cry14Aa1_41.1_PGW46198.1
NOV_Cry14Ab1_42.4_PGW46196.1	Cry14Ab1(42.4)_PGW46196.1(-)	612	0	2	2	Cry14Ab1(42.4)_WP_098976284.1;Cry14Ab1(42.4)_PGW46196.1(-)	NOV_Cry14Ab1_42.4_WP_098976284.1;NOV_Cry14Ab1_42.4_PGW46196.1	1	NOV_Cry14Ab1_42.4_PGW46196.1
BT_Cry57Ab1	Cry57Ab1		0	1	1	Cry57Ab1	BT_Cry57Ab1	1	BT_Cry57Ab1
NOV_Cry21Ca1_38.9_AEH76823.1	Cry21Ca1(38.9)_AEH76823.1	611	0	2	1	Cry21Ca1(38.9)_AEH76823.1	NOV_Cry21Ca1_38.9_AEH76823.1	1	NOV_Cry21Ca1_38.9_AEH76823.1
NOV_Cry21Ca2_65.9_AZR80774.1	Cry21Ca2(65.9)_AZR80774.1(+)	609	0	3	2	Cry21Ca2(65.9)_AZR80774.1(+);Cry21Ca2(65.9)_AZR80774.1;Cry21Ca2(65.9)_WP_127064393.1	NOV_Cry21Ca2_65.9_AZR80774.1;NOV_Cry21Ca2_65.9_AZR80774.1;NOV_Cry21Ca2_65.9_WP_127064393.1	1	NOV_Cry21Ca2_65.9_AZR80774.1
BT_Cry5Ba1	Cry5Ba1	608	0	10	10	Cry5Ba1(99.6)_PGL13502.1(-);Cry5Ba1(99.8)_PDY40352.1(+);Cry5Ba2;Cry5Ba1(99.8)_PFT97155.1(-);Cry5Ba1(99.8)_PFE29821.1(+);Cry5Ba1;Cry5Ba1(99.6)_WP_098856496.1;Cry5Ba3;Cry5Ba1(99.8)_WP_097983832.1;Cry5Ba1(99.8)_PGO34936.1(-)	NOV_Cry5Ba1_99.6_PGL13502.1;NOV_Cry5Ba1_99.8_PDY40352.1;BT_Cry5Ba2;NOV_Cry5Ba1_99.8_PFT97155.1;NOV_Cry5Ba1_99.8_PFE29821.1;BT_Cry5Ba1;NOV_Cry5Ba1_99.6_WP_098856496.1;BT_Cry5Ba3;NOV_Cry5Ba1_99.8_WP_097983832.1;NOV_Cry5Ba1_99.8_PGO34936.1	4	BT_Cry5Ba1;NOV_Cry5Ba1_99.6_PGL13502.1;NOV_Cry5Ba1_99.8_PDY40352.1;BT_Cry5Ba3
NOV_Cry21Fa1_47.3_OTY57628.1	Cry21Fa1(47.3)_OTY57628.1(-)	608	0	2	2	Cry21Fa1(47.3)_WP_087986441.1;Cry21Fa1(47.3)_OTY57628.1(-)	NOV_Cry21Fa1_47.3_WP_087986441.1;NOV_Cry21Fa1_47.3_OTY57628.1	1	NOV_Cry21Fa1_47.3_OTY57628.1
NOV_Cry21Ca2_64.6_AZR80780.1	Cry21Ca2(64.6)_AZR80780.1(-)	608	0	3	2	Cry21Ca2(64.6)_AZR80780.1;Cry21Ca2(64.6)_WP_127064398.1;Cry21Ca2(64.6)_AZR80780.1(-)	NOV_Cry21Ca2_64.6_AZR80780.1;NOV_Cry21Ca2_64.6_WP_127064398.1;NOV_Cry21Ca2_64.6_AZR80780.1	1	NOV_Cry21Ca2_64.6_AZR80780.1
NOV_Cry32Ea2_41.9_AQM56938.1	Cry32Ea2(41.9)_AQM56938.1	607	0	2	1	Cry32Ea2(41.9)_AQM56938.1	NOV_Cry32Ea2_41.9_AQM56938.1	1	NOV_Cry32Ea2_41.9_AQM56938.1
BT_Cry21Ca1	Cry21Ca1	606	0	2	2	Cry21Ca2;Cry21Ca1	BT_Cry21Ca2;BT_Cry21Ca1	1	BT_Cry21Ca1
BT_Cry32Ka1	Cry32Ka1		0	1	1	Cry32Ka1	BT_Cry32Ka1	1	BT_Cry32Ka1
NOV_Cry13Aa1_50.1_ANS46780.1	Cry13Aa1(50.1)_ANS46780.1(-)	606	0	3	2	Cry13Aa1(50.1)_ANS46780.1(-);Cry13Aa1(50.1)_WP_065482678.1;Cry13Aa1(50.1)_ANS46780.1	NOV_Cry13Aa1_50.1_ANS46780.1;NOV_Cry13Aa1_50.1_WP_065482678.1;NOV_Cry13Aa1_50.1_ANS46780.1	1	NOV_Cry13Aa1_50.1_ANS46780.1
NOV_Cry41Ca1_39.9_WP_001075423.1	Cry41Ca1(39.9)_WP_001075423.1		0	1	1	Cry41Ca1(39.9)_WP_001075423.1	NOV_Cry41Ca1_39.9_WP_001075423.1	1	NOV_Cry41Ca1_39.9_WP_001075423.1
BT_Cry41Ba2	Cry41Ba2		0	1	1	Cry41Ba2	BT_Cry41Ba2	1	BT_Cry41Ba2
NOV_Cry14Aa1_44.0_PGW42274.1	Cry14Aa1(44.0)_PGW42274.1(-)	604	0	2	2	Cry14Aa1(44.0)_WP_098976575.1;Cry14Aa1(44.0)_PGW42274.1(-)	NOV_Cry14Aa1_44.0_WP_098976575.1;NOV_Cry14Aa1_44.0_PGW42274.1	1	NOV_Cry14Aa1_44.0_PGW42274.1
NOV_Cry32Ta1_48.0_AQX37180.1	Cry32Ta1(48.0)_AQX37180.1	604	0	2	1	Cry32Ta1(48.0)_AQX37180.1	NOV_Cry32Ta1_48.0_AQX37180.1	1	NOV_Cry32Ta1_48.0_AQX37180.1
NOV_Cry48Aa1_36.6_CAH33948.1	Cry48Aa1(36.6)_CAH33948.1		0	1	1	Cry48Aa1(36.6)_CAH33948.1	NOV_Cry48Aa1_36.6_CAH33948.1	1	NOV_Cry48Aa1_36.6_CAH33948.1
NOV_Cry48Aa1_36.9_CAH33950.1	Cry48Aa1(36.9)_CAH33950.1	602	0	2	2	Cry48Aa1(36.9)_CAH33950.1;Cry48Aa1(37.2)_CAH33949.1	NOV_Cry48Aa1_36.9_CAH33950.1;NOV_Cry48Aa1_37.2_CAH33949.1	1	NOV_Cry48Aa1_36.9_CAH33950.1
BT_Cry32Oa1	Cry32Oa1		0	1	1	Cry32Oa1	BT_Cry32Oa1	1	BT_Cry32Oa1
BT_Cry44Aa1	Cry44Aa1		0	1	1	Cry44Aa1	BT_Cry44Aa1	1	BT_Cry44Aa1
NOV_Cry32Ma1_57.7_AXY11484.1	Cry32Ma1(57.7)_AXY11484.1(-)	598	0	3	2	Cry32Ma1(57.7)_AXY11484.1(-);Cry32Ma1(57.7)_AXY11484.1;Cry32Ma1(57.7)_WP_118991958.1	NOV_Cry32Ma1_57.7_AXY11484.1;NOV_Cry32Ma1_57.7_AXY11484.1;NOV_Cry32Ma1_57.7_WP_118991958.1	1	NOV_Cry32Ma1_57.7_AXY11484.1
NOV_Cry57Ab1_90.3_ACN87261.1	Cry57Ab1(90.3)_ACN87261.1	598	0	2	1	Cry57Ab1(90.3)_ACN87261.1	NOV_Cry57Ab1_90.3_ACN87261.1	1	NOV_Cry57Ab1_90.3_ACN87261.1
BT_Cry32Na1	Cry32Na1		0	1	1	Cry32Na1	BT_Cry32Na1	1	BT_Cry32Na1
NOV_Cry41Ba2_43.6_BAD35163.1	Cry41Ba2(43.6)_BAD35163.1	597	0	2	1	Cry41Ba2(43.6)_BAD35163.1	NOV_Cry41Ba2_43.6_BAD35163.1	1	NOV_Cry41Ba2_43.6_BAD35163.1
BT_Cry32Ja1	Cry32Ja1		0	1	1	Cry32Ja1	BT_Cry32Ja1	1	BT_Cry32Ja1
BT_Cry14Ab1	Cry14Ab1		0	1	1	Cry14Ab1	BT_Cry14Ab1	1	BT_Cry14Ab1
BT_Cry14Aa1	Cry14Aa1		0	1	1	Cry14Aa1	BT_Cry14Aa1	1	BT_Cry14Aa1
BT_Cry31Ac1	Cry31Ac1	594;584	10	4	3	Cry31Ac2;Cry31Ac1;Cry31Ac2(97.9)_AIA19335.1	BT_Cry31Ac2;BT_Cry31Ac1;NOV_Cry31Ac2_97.9_AIA19335.1	2	BT_Cry31Ac1;BT_Cry31Ac2
NOV_Cry32Va1_61.0_WP_134996253.1	Cry32Va1(61.0)_WP_134996253.1		0	1	1	Cry32Va1(61.0)_WP_134996253.1	NOV_Cry32Va1_61.0_WP_134996253.1	1	NOV_Cry32Va1_61.0_WP_134996253.1
BT_Cry13Aa1	Cry13Aa1	592;593	1	5	4	Cry13Aa1(87.1)_WP_065485204.1;Cry13Aa1(87.1)_ANS50148.1(+);Cry13Aa2;Cry13Aa1(87.1)_ANS50148.1;Cry13Aa1	NOV_Cry13Aa1_87.1_WP_065485204.1;NOV_Cry13Aa1_87.1_ANS50148.1;BT_Cry13Aa2;NOV_Cry13Aa1_87.1_ANS50148.1;BT_Cry13Aa1	1	BT_Cry13Aa1
BT_Cry21Aa1	Cry21Aa1	593	0	7	6	Cry21Aa2(99.7)_AXE15629.1;Cry21Aa2(99.7)_AZR80706.1(-);Cry21Aa2(99.7)_WP_127064356.1;Cry21Aa2(95.4)_WP_103655243.1;Cry21Aa1;Cry21Aa2(99.7)_AZR80706.1;Cry21Aa2	NOV_Cry21Aa2_99.7_AXE15629.1;NOV_Cry21Aa2_99.7_AZR80706.1;NOV_Cry21Aa2_99.7_WP_127064356.1;NOV_Cry21Aa2_95.4_WP_103655243.1;BT_Cry21Aa1;NOV_Cry21Aa2_99.7_AZR80706.1;BT_Cry21Aa2	3	BT_Cry21Aa1;NOV_Cry21Aa2_99.7_AXE15629.1;NOV_Cry21Aa2_95.4_WP_103655243.1
BT_Cry71Aa1	Cry71Aa1	554;558	4	3	2	Cry71Aa1;Cry71Aa1(99.8)_AFM73704.1	BT_Cry71Aa1;NOV_Cry71Aa1_99.8_AFM73704.1	1	BT_Cry71Aa1
NOV_Cry8Aa1_47.1_EEM92570.1	Cry8Aa1(47.1)_EEM92570.1(+)	593	0	7	7	Cry8Aa1(46.1)_PGK36565.1(-);Cry8Aa1(46.1)_OTZ58098.1(+);Cry8Aa1(46.1)_PFF41055.1(-);Cry8Aa1(46.1)_WP_001087511.1;Cry8Aa1(46.1)_PFT09171.1(+);Cry8Ba1(46.1)_EEM92570.1;Cry8Aa1(47.1)_EEM92570.1(+)	NOV_Cry8Aa1_46.1_PGK36565.1;NOV_Cry8Aa1_46.1_OTZ58098.1;NOV_Cry8Aa1_46.1_PFF41055.1;NOV_Cry8Aa1_46.1_WP_001087511.1;NOV_Cry8Aa1_46.1_PFT09171.1;NOV_Cry8Ba1_46.1_EEM92570.1;NOV_Cry8Aa1_47.1_EEM92570.1	1	NOV_Cry8Aa1_47.1_EEM92570.1
NOV_Cry40Aa1_67.9_CQ868314.1	Cry40Aa1(67.9)_ACC34441.1	593	0	2	2	Cry40Aa1(67.9)_ACC34440.1;Cry40Aa1(67.9)_ACC34441.1	NOV_Cry40Aa1_67.9_ACC34440.1;NOV_Cry40Aa1_67.9_CQ868314.1	1	NOV_Cry40Aa1_67.9_CQ868314.1
BT_Cry32Ea1	Cry32Ea1	592	0	2	2	Cry32Eb1;Cry32Ea1	BT_Cry32Eb1;BT_Cry32Ea1	1	BT_Cry32Ea1
BT_Cry32La1	Cry32La1		0	1	1	Cry32La1	BT_Cry32La1	1	BT_Cry32La1
BT_Cry8Ta1	Cry8Ta1		0	1	1	Cry8Ta1	BT_Cry8Ta1	1	BT_Cry8Ta1
NOV_Cry14Ab1_85.6_AXE15628.1	Cry14Ab1(85.6)_AXE15628.1	592	0	2	1	Cry14Ab1(85.6)_AXE15628.1	NOV_Cry14Ab1_85.6_AXE15628.1	1	NOV_Cry14Ab1_85.6_AXE15628.1
BT_Cry21Ha1	Cry21Ha1		0	1	1	Cry21Ha1	BT_Cry21Ha1	1	BT_Cry21Ha1
BT_Cry30Ca1	Cry30Ca1	591	0	2	2	Cry30Ca1;Cry30Ca2	BT_Cry30Ca1;BT_Cry30Ca2	1	BT_Cry30Ca1
BT_Cry32Ba1	Cry32Ba1		0	1	1	Cry32Ba1	BT_Cry32Ba1	1	BT_Cry32Ba1
BT_Cry32Ea2	Cry32Ea2		0	1	1	Cry32Ea2	BT_Cry32Ea2	1	BT_Cry32Ea2
BT_Cry8Ra1	Cry8Ra1		0	1	1	Cry8Ra1	BT_Cry8Ra1	1	BT_Cry8Ra1
NOV_Cry41Ba2_47.9_BAD35157.1	Cry41Ba2(47.9)_BAD35157.1	591	0	3	2	Cry41Ba2(47.9)_BAD35160.1;Cry41Ba2(47.9)_BAD35157.1	NOV_Cry41Ba2_47.9_BAD35160.1;NOV_Cry41Ba2_47.9_BAD35157.1	1	NOV_Cry41Ba2_47.9_BAD35157.1
BT_Cry21Fa1	Cry21Fa1		0	1	1	Cry21Fa1	BT_Cry21Fa1	1	BT_Cry21Fa1
BT_Cry30Aa1	Cry30Aa1		0	1	1	Cry30Aa1	BT_Cry30Aa1	1	BT_Cry30Aa1
NOV_Cry4Ba1_31.6_AUM94650.1	Cry4Ba1(31.6)_AUM94650.1	590	0	2	2	Cry4Ba1(31.6)_AVQ52086.1;Cry4Ba1(31.6)_AUM94650.1	NOV_Cry4Ba1_31.6_AVQ52086.1;NOV_Cry4Ba1_31.6_AUM94650.1	1	NOV_Cry4Ba1_31.6_AUM94650.1
BT_Cry21Ba1	Cry21Ba1		0	1	1	Cry21Ba1	BT_Cry21Ba1	1	BT_Cry21Ba1
BT_Cry30Ea1	Cry30Ea1	589	0	5	4	Cry30Ea4;Cry30Ea4(99.6)_ACR15121.1;Cry30Ea2;Cry30Ea1	BT_Cry30Ea4;NOV_Cry30Ea4_99.6_ACR15121.1;BT_Cry30Ea2;BT_Cry30Ea1	3	BT_Cry30Ea1;NOV_Cry30Ea4_99.6_ACR15121.1;BT_Cry30Ea4
BT_Cry30Fa1	Cry30Fa1	589	0	4	2	Cry30Fa1(98.8)_AFU17333.1(-);Cry30Fa1(98.8)_AFU17333.1;Cry30Fa1	NOV_Cry30Fa1_98.8_AFU17333.1;NOV_Cry30Fa1_98.8_AFU17333.1;BT_Cry30Fa1	2	BT_Cry30Fa1;NOV_Cry30Fa1_98.8_AFU17333.1
BT_Cry7Ja1	Cry7Ja1		0	1	1	Cry7Ja1	BT_Cry7Ja1	1	BT_Cry7Ja1
BT_Cry8Ac1	Cry8Ac1		0	1	1	Cry8Ac1	BT_Cry8Ac1	1	BT_Cry8Ac1
BT_Cry32Ia1	Cry32Ia1		0	1	1	Cry32Ia1	BT_Cry32Ia1	1	BT_Cry32Ia1
BT_Cry32Qa1	Cry32Qa1		0	1	1	Cry32Qa1	BT_Cry32Qa1	1	BT_Cry32Qa1
BT_Cry32Ra1	Cry32Ra1		0	1	1	Cry32Ra1	BT_Cry32Ra1	1	BT_Cry32Ra1
BT_Cry32Va1	Cry32Va1		0	1	1	Cry32Va1	BT_Cry32Va1	1	BT_Cry32Va1
BT_Cry54Aa1	Cry54Aa1	588	0	2	2	Cry54Aa1;Cry54Aa2	BT_Cry54Aa1;BT_Cry54Aa2	1	BT_Cry54Aa1
BT_Cry62Aa1	Cry62Aa1		0	1	1	Cry62Aa1	BT_Cry62Aa1	1	BT_Cry62Aa1
BT_Cry7Cb1	Cry7Cb1	588	0	3	2	Cry7Cb1;Cry7Cb1(99.9)_AFI42039.1	BT_Cry7Cb1;NOV_Cry7Cb1_99.9_AFI42039.1	1	BT_Cry7Cb1
NOV_Cry54Aa1_88.1_AFU17344.1	Cry54Aa1(88.1)_AFU17344.1(-)	588	0	4	3	Cry54Aa1(88.1)_AFU17344.1(-);Cry54Aa1(88.1)_WP_000286447.1;Cry54Aa1(88.1)_AGC24275.1;Cry54Aa1(88.1)_AFU17344.1	NOV_Cry54Aa1_88.1_AFU17344.1;NOV_Cry54Aa1_88.1_WP_000286447.1;NOV_Cry54Aa1_88.1_AGC24275.1;NOV_Cry54Aa1_88.1_AFU17344.1	1	NOV_Cry54Aa1_88.1_AFU17344.1
NOV_Cry32Ea2_45.2_WP_087949412.1	Cry32Ea2(45.2)_WP_087949412.1	588	0	2	2	Cry32Ea2(45.2)_AEH76820.1;Cry32Ea2(45.2)_WP_087949412.1	NOV_Cry32Ea2_45.2_AEH76820.1;NOV_Cry32Ea2_45.2_WP_087949412.1	1	NOV_Cry32Ea2_45.2_WP_087949412.1
BT_Cry30Da1	Cry30Da1		0	1	1	Cry30Da1	BT_Cry30Da1	1	BT_Cry30Da1
BT_Cry30Db1	Cry30Db1		0	1	1	Cry30Db1	BT_Cry30Db1	1	BT_Cry30Db1
BT_Cry32Ha1	Cry32Ha1		0	1	1	Cry32Ha1	BT_Cry32Ha1	1	BT_Cry32Ha1
BT_Cry8Db1	Cry8Db1		0	1	1	Cry8Db1	BT_Cry8Db1	1	BT_Cry8Db1
BT_Cry32Pa1	Cry32Pa1		0	1	1	Cry32Pa1	BT_Cry32Pa1	1	BT_Cry32Pa1
BT_Cry5Ab1	Cry5Ab1	586;585;579	7	6	5	Cry5Aa1;Cry5Aa1(99.7)_PGO36223.1(+);Cry5Ab1;Cry5Ad1;Cry5Ac1;Cry5Aa1(99.7)_PGO36223.1	BT_Cry5Aa1;NOV_Cry5Aa1_99.7_PGO36223.1;BT_Cry5Ab1;BT_Cry5Ad1;BT_Cry5Ac1;NOV_Cry5Aa1_99.7_PGO36223.1	5	BT_Cry5Ab1;BT_Cry5Aa1;BT_Cry5Ac1;NOV_Cry5Aa1_99.7_PGO36223.1;BT_Cry5Ad1
NOV_Cry7Cb1_60.4_OTY00887.1	Cry7Cb1(60.4)_OTY00887.1(-)	585	0	3	2	Cry7Cb1(60.4)_WP_088065220.1;Cry7Cb1(60.4)_OTY00887.1(-);Cry7Cb1(60.4)_OTY00887.1	NOV_Cry7Cb1_60.4_WP_088065220.1;NOV_Cry7Cb1_60.4_OTY00887.1;NOV_Cry7Cb1_60.4_OTY00887.1	1	NOV_Cry7Cb1_60.4_OTY00887.1
NOV_Cry8Db1_49.9_WP_103653049.1	Cry8Db1(49.9)_WP_103653049.1	585	0	3	2	Cry8Db1(49.7)_AEX56525.1;Cry8Db1(49.9)_WP_103653049.1	NOV_Cry8Db1_49.7_AEX56525.1;NOV_Cry8Db1_49.9_WP_103653049.1	1	NOV_Cry8Db1_49.9_WP_103653049.1
NOV_Cry1Ac23_90.7_CAQ03747.1	Cry1Ac23(90.7)_CAQ03747.1	572;585	13	3	2	Cry1Ac23;Cry1Ac23(90.7)_CAQ03747.1	BT_Cry1Ac23;NOV_Cry1Ac23_90.7_CAQ03747.1	1	NOV_Cry1Ac23_90.7_CAQ03747.1
BT_Cry24Da1	Cry24Da1		0	1	1	Cry24Da1	BT_Cry24Da1	1	BT_Cry24Da1
BT_Cry32Ca1	Cry32Ca1		0	1	1	Cry32Ca1	BT_Cry32Ca1	1	BT_Cry32Ca1
BT_Cry32Cb1	Cry32Cb1		0	1	1	Cry32Cb1	BT_Cry32Cb1	1	BT_Cry32Cb1
BT_Cry32Hb1	Cry32Hb1		0	1	1	Cry32Hb1	BT_Cry32Hb1	1	BT_Cry32Hb1
BT_Cry54Ba1	Cry54Ba1	584	0	3	3	Cry54Ba2(99.8)_WP_080990974.1;Cry54Ba2;Cry54Ba1	NOV_Cry54Ba2_99.8_WP_080990974.1;BT_Cry54Ba2;BT_Cry54Ba1	2	BT_Cry54Ba1;NOV_Cry54Ba2_99.8_WP_080990974.1
NOV_Cry8Kb1_73.3_APT36283.1	Cry8Kb1(73.3)_APT36283.1	584	0	2	1	Cry8Kb1(73.3)_APT36283.1	NOV_Cry8Kb1_73.3_APT36283.1	1	NOV_Cry8Kb1_73.3_APT36283.1
BT_Cry61Aa1	Cry61Aa1	583	0	4	3	Cry61Aa3(99.9)_AFI42035.1;Cry61Aa1;Cry61Aa3	NOV_Cry61Aa3_99.9_AFI42035.1;BT_Cry61Aa1;BT_Cry61Aa3	2	BT_Cry61Aa1;NOV_Cry61Aa3_99.9_AFI42035.1
BT_Cry9Ga1	Cry9Ga1		0	1	1	Cry9Ga1	BT_Cry9Ga1	1	BT_Cry9Ga1
NOV_Cry7Fb2_99.7_AHB36886.1	Cry7Fb2(99.7)_AHB36886.1	583;581	2	4	3	Cry7Fb2;Cry7Fb2(99.9)_WP_080989246.1;Cry7Fb2(99.7)_AHB36886.1	BT_Cry7Fb2;NOV_Cry7Fb2_99.9_WP_080989246.1;NOV_Cry7Fb2_99.7_AHB36886.1	2	NOV_Cry7Fb2_99.7_AHB36886.1;BT_Cry7Fb2
NOV_Cry2Ba1_29.9_AEX63666.1	Cry2Ba1(29.9)_AEX63666.1		0	1	1	Cry2Ba1(29.9)_AEX63666.1	NOV_Cry2Ba1_29.9_AEX63666.1	1	NOV_Cry2Ba1_29.9_AEX63666.1
NOV_Cry27Aa1_80.8_AGV55018.1	Cry27Aa1(80.8)_AGV55018.1	583	0	2	1	Cry27Aa1(80.8)_AGV55018.1	NOV_Cry27Aa1_80.8_AGV55018.1	1	NOV_Cry27Aa1_80.8_AGV55018.1
BT_Cry5Ea2	Cry5Ea2		0	1	1	Cry5Ea2	BT_Cry5Ea2	1	BT_Cry5Ea2
BT_Cry9Aa1	Cry9Aa1	582	0	13	13	Cry9Aa4(99.9)_WP_086405761.1;Cry9Aa4(99.9)_OTW93738.1(+);Cry9Aa1(99.5)_WP_087976765.1;Cry9Aa2;Cry9Aa5;Cry9Aa1;Cry9Aa3;Cry9Aa4(99.8)_WP_086790405.1;Cry9Aa1(99.8)_WP_087988127.1;Cry9Aa4(99.8)_OTX08738.1(-);Cry9Aa1(99.8)_OTY56301.1(+);Cry9Aa1(99.5)_OTZ47101.1(+);Cry9Aa4	NOV_Cry9Aa4_99.9_WP_086405761.1;NOV_Cry9Aa4_99.9_OTW93738.1;NOV_Cry9Aa1_99.5_WP_087976765.1;BT_Cry9Aa2;BT_Cry9Aa5;BT_Cry9Aa1;BT_Cry9Aa3;NOV_Cry9Aa4_99.8_WP_086790405.1;NOV_Cry9Aa1_99.8_WP_087988127.1;NOV_Cry9Aa4_99.8_OTX08738.1;NOV_Cry9Aa1_99.8_OTY56301.1;NOV_Cry9Aa1_99.5_OTZ47101.1;BT_Cry9Aa4	4	BT_Cry9Aa1;BT_Cry9Aa5;NOV_Cry9Aa4_99.9_WP_086405761.1;BT_Cry9Aa3
BT_Cry9Db1	Cry9Db1	582	0	2	2	Cry9Db1(99.9)_ACS12637.1;Cry9Db1	NOV_Cry9Db1_99.9_ACS12637.1;BT_Cry9Db1	1	BT_Cry9Db1
BT_Cry27Aa1	Cry27Aa1		0	1	1	Cry27Aa1	BT_Cry27Aa1	1	BT_Cry27Aa1
BT_Cry4Aa1	Cry4Aa1	581	0	20	14	Cry4Aa2;Cry4Aa1;Cry4Aa3;Cry4Aa2(99.9)_BAE79727.1;Cry4Aa1(98.5)_ABR12214.1;Cry4Aa1(98.4)_ABR12218.1;Cry4Aa2(99.8)_WP_119493300.1;Cry4Aa1(98.1)_ABR12217.1;Cry4Aa2(99.8)_AND28677.1;Cry4Aa1(99.1)_ABM97547.1;Cry4Aa1(98.7)_ABR12216.1;Cry4Aa1(98.1)_ABR12215.1;Cry4Aa2(99.8)_2C9K_A;Cry4Aa4	BT_Cry4Aa2;BT_Cry4Aa1;BT_Cry4Aa3;NOV_Cry4Aa2_99.9_BAE79727.1;NOV_Cry4Aa1_98.5_ABR12214.1;NOV_Cry4Aa1_98.4_ABR12218.1;NOV_Cry4Aa2_99.8_WP_119493300.1;NOV_Cry4Aa1_98.1_ABR12217.1;NOV_Cry4Aa2_99.8_AND28677.1;NOV_Cry4Aa1_99.1_ABM97547.1;NOV_Cry4Aa1_98.7_ABR12216.1;NOV_Cry4Aa1_98.1_ABR12215.1;NOV_Cry4Aa2_99.8_2C9K_A;BT_Cry4Aa4	8	BT_Cry4Aa1;NOV_Cry4Aa1_98.5_ABR12214.1;BT_Cry4Aa2;NOV_Cry4Aa1_99.1_ABM97547.1;NOV_Cry4Aa1_98.4_ABR12218.1;NOV_Cry4Aa1_98.7_ABR12216.1;NOV_Cry4Aa1_98.1_ABR12217.1;NOV_Cry4Aa2_99.9_BAE79727.1
BT_Cry8Ab1	Cry8Ab1		0	1	1	Cry8Ab1	BT_Cry8Ab1	1	BT_Cry8Ab1
BT_Cry9Dc1	Cry9Dc1		0	1	1	Cry9Dc1	BT_Cry9Dc1	1	BT_Cry9Dc1
NOV_Cry4Ba1_63.8_OUB35623.1	Cry4Ba1(63.8)_OUB35623.1(-)	581	0	2	1	Cry4Ba1(63.8)_OUB35623.1;Cry4Ba1(63.8)_OUB35623.1(-)	NOV_Cry4Ba1_63.8_OUB35623.1;NOV_Cry4Ba1_63.8_OUB35623.1	1	NOV_Cry4Ba1_63.8_OUB35623.1
NOV_Cry19Aa1_29.2_PEA88281.1	Cry19Aa1(29.2)_PEA88281.1(-)	581	0	2	2	Cry19Aa1(29.2)_PEA88281.1(-);Cry19Aa1(29.2)_WP_098902198.1	NOV_Cry19Aa1_29.2_PEA88281.1;NOV_Cry19Aa1_29.2_WP_098902198.1	1	NOV_Cry19Aa1_29.2_PEA88281.1
NOV_Cry8Ab1_80.3_AFP44678.1	Cry8Ab1(80.3)_AFP44678.1	581	0	2	1	Cry8Ab1(80.3)_AFP44678.1	NOV_Cry8Ab1_80.3_AFP44678.1	1	NOV_Cry8Ab1_80.3_AFP44678.1
BT_Cry32Ga1	Cry32Ga1		0	1	1	Cry32Ga1	BT_Cry32Ga1	1	BT_Cry32Ga1
BT_Cry8Bc1	Cry8Bc1		0	1	1	Cry8Bc1	BT_Cry8Bc1	1	BT_Cry8Bc1
BT_Cry8Da1	Cry8Da1	580	0	13	8	Cry8Da1(99.1)_CBL59397.1;Cry8Da2;Cry8Da1(99.6)_CBL59396.1;Cry8Da1(99.7)_CBL59393.1;Cry8Da1;Cry8Da1(99.6)_CBL59394.1;Cry8Da1(99.4)_CBL59395.1;Cry8Da3	NOV_Cry8Da1_99.1_CBL59397.1;BT_Cry8Da2;NOV_Cry8Da1_99.6_CBL59396.1;NOV_Cry8Da1_99.7_CBL59393.1;BT_Cry8Da1;NOV_Cry8Da1_99.6_CBL59394.1;NOV_Cry8Da1_99.4_CBL59395.1;BT_Cry8Da3	5	BT_Cry8Da1;NOV_Cry8Da1_99.6_CBL59396.1;NOV_Cry8Da1_99.7_CBL59393.1;NOV_Cry8Da1_99.6_CBL59394.1;NOV_Cry8Da1_99.1_CBL59397.1
BT_Cry9Da1	Cry9Da1	573;580	7	9	9	Cry9Da3(99.7)_WP_086790660.1;Cry9Da3;Cry9Da1;Cry9Da4(99.7)_OTX23531.1(+);Cry9Da3(99.7)_OTW94050.1(-);Cry9Da4;Cry9Da2;Cry9Da4(99.7)_WP_087947875.1;Cry9Da4(99.7)_OTW84346.1(-)	NOV_Cry9Da3_99.7_WP_086790660.1;BT_Cry9Da3;BT_Cry9Da1;NOV_Cry9Da4_99.7_OTX23531.1;NOV_Cry9Da3_99.7_OTW94050.1;BT_Cry9Da4;BT_Cry9Da2;NOV_Cry9Da4_99.7_WP_087947875.1;NOV_Cry9Da4_99.7_OTW84346.1	1	BT_Cry9Da1
BT_Cry11Ba1	Cry11Ba1	579	0	3	2	Cry11Ba1(98.6)_AEK06469.1;Cry11Ba1	NOV_Cry11Ba1_98.6_AEK06469.1;BT_Cry11Ba1	1	BT_Cry11Ba1
BT_Cry11Bb1	Cry11Bb1	579	0	5	4	Cry11Bb1(99.7)_WP_103570866.1;Cry11Bb1(99.7)_OUC03368.1(-);Cry11Bb1(99.7)_OUC03368.1;Cry11Bb2;Cry11Bb1	NOV_Cry11Bb1_99.7_WP_103570866.1;NOV_Cry11Bb1_99.7_OUC03368.1;NOV_Cry11Bb1_99.7_OUC03368.1;BT_Cry11Bb2;BT_Cry11Bb1	2	BT_Cry11Bb1;NOV_Cry11Bb1_99.7_WP_103570866.1
BT_Cry24Ca1	Cry24Ca1	579	0	2	2	Cry24Ca1;Cry24Ca1(99.7)_AZJ24443.1	BT_Cry24Ca1;NOV_Cry24Ca1_99.7_AZJ24443.1	1	BT_Cry24Ca1
BT_Cry47Aa1	Cry47Aa1		0	1	1	Cry47Aa1	BT_Cry47Aa1	1	BT_Cry47Aa1
BT_Cry8Qa1	Cry8Qa1	579	0	2	2	Cry8Qa2;Cry8Qa1	BT_Cry8Qa2;BT_Cry8Qa1	1	BT_Cry8Qa1
NOV_Cry7Ca1_86.8_AGM39664.1	Cry7Ca1(86.8)_AGM39664.1	579	0	2	1	Cry7Ca1(86.8)_AGM39664.1	NOV_Cry7Ca1_86.8_AGM39664.1	1	NOV_Cry7Ca1_86.8_AGM39664.1
BT_Cry32Ta1	Cry32Ta1		0	1	1	Cry32Ta1	BT_Cry32Ta1	1	BT_Cry32Ta1
BT_Cry9Ba1	Cry9Ba1	576	0	13	12	Cry9Ba2(99.6)_WP_087988126.1;Cry9Ba2(99.9)_OTY81209.1(-);Cry9Ba2(99.9)_WP_088010498.1;Cry9Ba2(99.7)_EXY04443.1;Cry9Ba1;Cry9Ba1(99.0)_ADK47395.1;Cry9Ba2(99.9)_WP_087976766.1;Cry9Ba2(99.4)_WP_087997109.1;Cry9Ba2;Cry9Ba2(99.6)_OTY56302.1(-);Cry9Ba2(99.9)_OTZ46996.1(-);Cry9Ba2(99.4)_OTW73398.1(+)	NOV_Cry9Ba2_99.6_WP_087988126.1;NOV_Cry9Ba2_99.9_OTY81209.1;NOV_Cry9Ba2_99.9_WP_088010498.1;NOV_Cry9Ba2_99.7_EXY04443.1;BT_Cry9Ba1;NOV_Cry9Ba1_99.0_ADK47395.1;NOV_Cry9Ba2_99.9_WP_087976766.1;NOV_Cry9Ba2_99.4_WP_087997109.1;BT_Cry9Ba2;NOV_Cry9Ba2_99.6_OTY56302.1;NOV_Cry9Ba2_99.9_OTZ46996.1;NOV_Cry9Ba2_99.4_OTW73398.1	2	BT_Cry9Ba1;NOV_Cry9Ba2_99.6_WP_087988126.1
NOV_Cry8Ab1_80.0_AMR06151.1	Cry8Ab1(80.0)_AMR06151.1(+)	578	0	6	4	Cry8Ab1(80.0)_AMR06151.1(+);Cry8Ab1(80.0)_AYF84876.1;Cry8Ab1(80.0)_WP_061885066.1;Cry8Ab1(80.0)_PNK32300.1(-);Cry8Ab1(80.0)_AMR06151.1;Cry8Ab1(80.0)_AYF84876.1(+)	NOV_Cry8Ab1_80.0_AMR06151.1;NOV_Cry8Ab1_80.0_AYF84876.1;NOV_Cry8Ab1_80.0_WP_061885066.1;NOV_Cry8Ab1_80.0_PNK32300.1;NOV_Cry8Ab1_80.0_AMR06151.1;NOV_Cry8Ab1_80.0_AYF84876.1	1	NOV_Cry8Ab1_80.0_AMR06151.1
NOV_Cry4Cb3_34.4_PEA86378.1	Cry4Cb3(34.4)_PEA86378.1(+)	578	0	2	2	Cry4Cb3(34.4)_PEA86378.1(+);Cry4Cb3(34.4)_WP_098902697.1	NOV_Cry4Cb3_34.4_PEA86378.1;NOV_Cry4Cb3_34.4_WP_098902697.1	1	NOV_Cry4Cb3_34.4_PEA86378.1
NOV_Cry11Aa1_99.2_AXJ97555.1	Cry11Aa1(99.2)_AXJ97555.1	560;556;555;578;576;577	23	21	12	Cry11Aa1(99.2)_AXJ97555.1;Cry11Aa1(99.8)_AXJ97551.1;Cry11Aa1(99.4)_AXJ97553.1;Cry11Aa1(96.3)_ABW89742.1;Cry11Aa1(99.8)_QAV56468.1;Cry11Aa1;Cry11Aa1(99.5)_ABW89737.1;Cry11Aa1(98.9)_ABW89739.1;Cry11Aa4;Cry11Aa1(97.8)_ABW89740.1;Cry11Aa3;Cry11Aa1(97.7)_AXJ97552.1	NOV_Cry11Aa1_99.2_AXJ97555.1;NOV_Cry11Aa1_99.8_AXJ97551.1;NOV_Cry11Aa1_99.4_AXJ97553.1;NOV_Cry11Aa1_96.3_ABW89742.1;NOV_Cry11Aa1_99.8_QAV56468.1;BT_Cry11Aa1;NOV_Cry11Aa1_99.5_ABW89737.1;NOV_Cry11Aa1_98.9_ABW89739.1;BT_Cry11Aa4;NOV_Cry11Aa1_97.8_ABW89740.1;BT_Cry11Aa3;NOV_Cry11Aa1_97.7_AXJ97552.1	8	NOV_Cry11Aa1_99.2_AXJ97555.1;BT_Cry11Aa1;NOV_Cry11Aa1_99.5_ABW89737.1;NOV_Cry11Aa1_97.8_ABW89740.1;NOV_Cry11Aa1_98.9_ABW89739.1;NOV_Cry11Aa1_99.4_AXJ97553.1;NOV_Cry11Aa1_96.3_ABW89742.1;NOV_Cry11Aa1_99.8_QAV56468.1
BT_Cry32Ma1	Cry32Ma1		0	1	1	Cry32Ma1	BT_Cry32Ma1	1	BT_Cry32Ma1
NOV_Cry25Aa1_97.8_OUB78400.1	Cry25Aa1(97.8)_OUB78400.1(-)	577;570	7	3	3	Cry25Aa1(97.8)_OUB78400.1(-);Cry25Aa1;Cry25Aa1(97.8)_WP_086403551.1	NOV_Cry25Aa1_97.8_OUB78400.1;BT_Cry25Aa1;NOV_Cry25Aa1_97.8_WP_086403551.1	1	NOV_Cry25Aa1_97.8_OUB78400.1
NOV_Cry8Db1_51.1_PNK22955.1	Cry8Db1(51.1)_PNK22955.1(-)	577	0	4	4	Cry8Db1(51.1)_PNK22955.1(-);Cry8Db1(51.1)_WP_102957037.1;Cry8Db1(51.1)_PNK47117.1(+);Cry8Db1(51.1)_AGC08394.1	NOV_Cry8Db1_51.1_PNK22955.1;NOV_Cry8Db1_51.1_WP_102957037.1;NOV_Cry8Db1_51.1_PNK47117.1;NOV_Cry8Db1_51.1_AGC08394.1	1	NOV_Cry8Db1_51.1_PNK22955.1
NOV_Cry11Aa1_95.8_ABW89741.1	Cry11Aa1(95.8)_ABW89741.1	577	0	4	2	Cry11Aa1(95.8)_ABW89741.1;Cry11Aa1(98.8)_ABW89738.1	NOV_Cry11Aa1_95.8_ABW89741.1;NOV_Cry11Aa1_98.8_ABW89738.1	1	NOV_Cry11Aa1_95.8_ABW89741.1
BT_Cry59Ba1	Cry59Ba1		0	1	1	Cry59Ba1	BT_Cry59Ba1	1	BT_Cry59Ba1
BT_Cry8Aa1	Cry8Aa1		0	1	1	Cry8Aa1	BT_Cry8Aa1	1	BT_Cry8Aa1
BT_Cry9Bb1	Cry9Bb1		0	1	1	Cry9Bb1	BT_Cry9Bb1	1	BT_Cry9Bb1
NOV_Cry68Aa1_80.1_PEU91245.1	Cry68Aa1(80.1)_PEU91245.1(+)	576	0	6	6	Cry68Aa1(80.1)_PEU91245.1(+);Cry68Aa1(80.1)_PGY64183.1(+);Cry68Aa1(80.1)_PFW24146.1(+);Cry68Aa1(80.1)_PFH99743.1(+);Cry68Aa1(80.1)_WP_098222186.1;Cry68Aa1(80.1)_PER38368.1(+)	NOV_Cry68Aa1_80.1_PEU91245.1;NOV_Cry68Aa1_80.1_PGY64183.1;NOV_Cry68Aa1_80.1_PFW24146.1;NOV_Cry68Aa1_80.1_PFH99743.1;NOV_Cry68Aa1_80.1_WP_098222186.1;NOV_Cry68Aa1_80.1_PER38368.1	1	NOV_Cry68Aa1_80.1_PEU91245.1
NOV_Cry4Aa1_32.5_ADM64568.1	Cry4Aa1(32.5)_ADM64568.1	576	0	2	1	Cry4Aa1(32.5)_ADM64568.1	NOV_Cry4Aa1_32.5_ADM64568.1	1	NOV_Cry4Aa1_32.5_ADM64568.1
NOV_Cry7Ea2_99.9_AFI42038.1	Cry7Ea2(99.9)_AFI42038.1	575	0	5	4	Cry7Ea2(99.9)_AFI42038.1;Cry7Ea3;Cry7Ea2;Cry7Ea1	NOV_Cry7Ea2_99.9_AFI42038.1;BT_Cry7Ea3;BT_Cry7Ea2;BT_Cry7Ea1	1	NOV_Cry7Ea2_99.9_AFI42038.1
BT_Cry18Ca1	Cry18Ca1		0	1	1	Cry18Ca1	BT_Cry18Ca1	1	BT_Cry18Ca1
BT_Cry69Ab1	Cry69Ab1	456;575	119	4	3	Cry69Ab1;Cry69Ab1(99.9)_WP_080990951.1;Cry69Ab1(99.8)_ADV77223.1	BT_Cry69Ab1;NOV_Cry69Ab1_99.9_WP_080990951.1;NOV_Cry69Ab1_99.8_ADV77223.1	1	BT_Cry69Ab1
BT_Cry8Fa2	Cry8Fa2	575	0	14	9	Cry8-like;Cry8Fa3;Cry8Fa1(98.9)_AFP44679.1;Cry8Fa1;Cry8Fa1(99.9)_AGV52976.1;Cry8Fa1(99.8)_AGM16382.1;Cry8Fa1(99.7)_AEA51184.1;Cry8Fa2;Cry8Fa1(99.9)_ABB29864.1	BT_Cry8-like;BT_Cry8Fa3;NOV_Cry8Fa1_98.9_AFP44679.1;BT_Cry8Fa1;NOV_Cry8Fa1_99.9_AGV52976.1;NOV_Cry8Fa1_99.8_AGM16382.1;NOV_Cry8Fa1_99.7_AEA51184.1;BT_Cry8Fa2;NOV_Cry8Fa1_99.9_ABB29864.1	6	BT_Cry8Fa2;NOV_Cry8Fa1_98.9_AFP44679.1;BT_Cry8Fa1;NOV_Cry8Fa1_99.7_AEA51184.1;BT_Cry8Fa3;BT_Cry8-like
NOV_Cry68Aa1_74.8_WP_103592020.1	Cry68Aa1(74.8)_WP_103592020.1		0	1	1	Cry68Aa1(74.8)_WP_103592020.1	NOV_Cry68Aa1_74.8_WP_103592020.1	1	NOV_Cry68Aa1_74.8_WP_103592020.1
NOV_Cry68Aa1_46.2_ARJ25655.1	Cry68Aa1(46.2)_ARJ25655.1		0	1	1	Cry68Aa1(46.2)_ARJ25655.1	NOV_Cry68Aa1_46.2_ARJ25655.1	1	NOV_Cry68Aa1_46.2_ARJ25655.1
BT_Cry32Mb1	Cry32Mb1		0	1	1	Cry32Mb1	BT_Cry32Mb1	1	BT_Cry32Mb1
BT_Cry68Aa1	Cry68Aa1	574	0	4	2	Cry68Aa1;Cry68Aa1(99.9)_AFU17323.1;Cry68Aa1(99.9)_AFU17323.1(-)	BT_Cry68Aa1;NOV_Cry68Aa1_99.9_AFU17323.1;NOV_Cry68Aa1_99.9_AFU17323.1	2	BT_Cry68Aa1;NOV_Cry68Aa1_99.9_AFU17323.1
BT_Cry69Aa1	Cry69Aa1	574	0	2	2	Cry69Aa2;Cry69Aa1	BT_Cry69Aa2;BT_Cry69Aa1	1	BT_Cry69Aa1
BT_Cry72Aa1	Cry72Aa1	574	0	3	2	Cry72Aa1;Cry72Aa1(95.8)_AQX37182.1	BT_Cry72Aa1;NOV_Cry72Aa1_95.8_AQX37182.1	1	BT_Cry72Aa1
BT_Cry7Bb1	Cry7Bb1		0	1	1	Cry7Bb1	BT_Cry7Bb1	1	BT_Cry7Bb1
BT_Cry8Ad1	Cry8Ad1		0	1	1	Cry8Ad1	BT_Cry8Ad1	1	BT_Cry8Ad1
BT_Cry8Na1	Cry8Na1		0	1	1	Cry8Na1	BT_Cry8Na1	1	BT_Cry8Na1
NOV_Cry41Ba2_42.3_BAD35166.1	Cry41Ba2(42.3)_BAD35166.1	574	0	2	1	Cry41Ba2(42.3)_BAD35166.1	NOV_Cry41Ba2_42.3_BAD35166.1	1	NOV_Cry41Ba2_42.3_BAD35166.1
NOV_Cry4Ca2_48.4_AZJ24771.1	Cry4Ca2(48.4)_AZJ24771.1		0	1	1	Cry4Ca2(48.4)_AZJ24771.1	NOV_Cry4Ca2_48.4_AZJ24771.1	1	NOV_Cry4Ca2_48.4_AZJ24771.1
BT_Cry32Fa1	Cry32Fa1		0	1	1	Cry32Fa1	BT_Cry32Fa1	1	BT_Cry32Fa1
BT_Cry48Aa1	Cry48Aa1	573	0	3	3	Cry48Aa2;Cry48Aa3;Cry48Aa1	BT_Cry48Aa2;BT_Cry48Aa3;BT_Cry48Aa1	1	BT_Cry48Aa1
BT_Cry7Fa1	Cry7Fa1	573	0	5	5	Cry7Fa1;Cry7Fa2(99.9)_ALL21979.1(-);Cry7Fa2(99.9)_EEM19090.1(+);Cry7Fa2(99.9)_ALL11841.1(-);Cry7Fa2	BT_Cry7Fa1;NOV_Cry7Fa2_99.9_ALL21979.1;NOV_Cry7Fa2_99.9_EEM19090.1;NOV_Cry7Fa2_99.9_ALL11841.1;BT_Cry7Fa2	2	BT_Cry7Fa1;NOV_Cry7Fa2_99.9_ALL21979.1
BT_Cry7Gd1	Cry7Gd1		0	1	1	Cry7Gd1	BT_Cry7Gd1	1	BT_Cry7Gd1
BT_Cry8Ja1	Cry8Ja1		0	1	1	Cry8Ja1	BT_Cry8Ja1	1	BT_Cry8Ja1
BT_Cry8Pa1	Cry8Pa1	573	0	4	3	Cry8Pa2(99.7)_AEZ02302.1;Cry8Pa1;Cry8Pa2	NOV_Cry8Pa2_99.7_AEZ02302.1;BT_Cry8Pa1;BT_Cry8Pa2	2	BT_Cry8Pa1;NOV_Cry8Pa2_99.7_AEZ02302.1
NOV_Cry53Aa1_40.7_WP_103591149.1	Cry53Aa1(40.7)_WP_103591149.1		0	1	1	Cry53Aa1(40.7)_WP_103591149.1	NOV_Cry53Aa1_40.7_WP_103591149.1	1	NOV_Cry53Aa1_40.7_WP_103591149.1
NOV_Cry4Ba1_63.7_AJW76684.1	Cry4Ba1(63.7)_AJW76684.1	573	0	2	1	Cry4Ba1(63.7)_AJW76684.1	NOV_Cry4Ba1_63.7_AJW76684.1	1	NOV_Cry4Ba1_63.7_AJW76684.1
NOV_Cry8Da1_43.7_ANC11094.1	Cry8Da1(43.7)_ANC11094.1	573	0	2	2	Cry8Da1(43.7)_ANC11094.1;Cry8Da1(43.7)_ANC17142.1	NOV_Cry8Da1_43.7_ANC11094.1;NOV_Cry8Da1_43.7_ANC17142.1	1	NOV_Cry8Da1_43.7_ANC11094.1
BT_Cry26Aa1	Cry26Aa1	572	0	7	5	Cry26Aa1;Cry26Aa1(95.4)_ADY24756.1;Cry26Aa1(95.5)_OTX75968.1(+);Cry26Aa1(95.4)_ADY24756.1(+);Cry26Aa1(95.5)_WP_087963596.1;Cry26Aa1(95.4)_ABB51652.1	BT_Cry26Aa1;NOV_Cry26Aa1_95.4_ADY24756.1;NOV_Cry26Aa1_95.5_OTX75968.1;NOV_Cry26Aa1_95.4_ADY24756.1;NOV_Cry26Aa1_95.5_WP_087963596.1;NOV_Cry26Aa1_95.4_ABB51652.1	1	BT_Cry26Aa1
BT_Cry32Wa1	Cry32Wa1	572	0	2	2	Cry32Wa2;Cry32Wa1	BT_Cry32Wa2;BT_Cry32Wa1	1	BT_Cry32Wa1
BT_Cry48Ab1	Cry48Ab1	572	0	2	2	Cry48Ab2;Cry48Ab1	BT_Cry48Ab2;BT_Cry48Ab1	1	BT_Cry48Ab1
BT_Cry50Aa1	Cry50Aa1		0	1	1	Cry50Aa1	BT_Cry50Aa1	1	BT_Cry50Aa1
BT_Cry50Ba1	Cry50Ba1	572	0	7	4	Cry50Ba2;Cry50Ba2(99.9)_AKR13106.1(-);Cry50Ba2(97.6)_AFI42042.1;Cry50Ba2(99.9)_AKR13106.1;Cry50Ba1	BT_Cry50Ba2;NOV_Cry50Ba2_99.9_AKR13106.1;NOV_Cry50Ba2_97.6_AFI42042.1;NOV_Cry50Ba2_99.9_AKR13106.1;BT_Cry50Ba1	4	BT_Cry50Ba1;BT_Cry50Ba2;NOV_Cry50Ba2_97.6_AFI42042.1;NOV_Cry50Ba2_99.9_AKR13106.1
BT_Cry8Ca1	Cry8Ca1	572	0	14	10	Cry8Ca1(99.8)_WP_102947908.1;Cry8Ca1(99.8)_PNK28168.1(+);Cry8Ca1(99.5)_AGV52971.1;Cry8Ca1(99.7)_AGV52973.1;Cry8Ca1;Cry8Ca2;Cry8Ca1(99.8)_AYF84850.1;Cry8Ca1(99.8)_AYF84850.1(+);Cry8Ca1(99.6)_AGV52972.1;Cry8Ca4;Cry8Ca3	NOV_Cry8Ca1_99.8_WP_102947908.1;NOV_Cry8Ca1_99.8_PNK28168.1;NOV_Cry8Ca1_99.5_AGV52971.1;NOV_Cry8Ca1_99.7_AGV52973.1;BT_Cry8Ca1;BT_Cry8Ca2;NOV_Cry8Ca1_99.8_AYF84850.1;NOV_Cry8Ca1_99.8_AYF84850.1;NOV_Cry8Ca1_99.6_AGV52972.1;BT_Cry8Ca4;BT_Cry8Ca3	5	BT_Cry8Ca1;NOV_Cry8Ca1_99.7_AGV52973.1;NOV_Cry8Ca1_99.5_AGV52971.1;NOV_Cry8Ca1_99.8_WP_102947908.1;NOV_Cry8Ca1_99.6_AGV52972.1
BT_Cry8Ib1	Cry8Ib1	572	0	4	4	Cry8Ib3;Cry8Ib1;Cry8Ib2(94.6)_WP_103622992.1;Cry8Ib2	BT_Cry8Ib3;BT_Cry8Ib1;NOV_Cry8Ib2_94.6_WP_103622992.1;BT_Cry8Ib2	3	BT_Cry8Ib1;BT_Cry8Ib3;NOV_Cry8Ib2_94.6_WP_103622992.1
BT_Cry9Ca1	Cry9Ca1		0	1	1	Cry9Ca1	BT_Cry9Ca1	1	BT_Cry9Ca1
NOV_Cry7Ba1_84.3_AFI42043.1	Cry7Ba1(84.3)_AFI42043.1	572	0	2	1	Cry7Ba1(84.3)_AFI42043.1	NOV_Cry7Ba1_84.3_AFI42043.1	1	NOV_Cry7Ba1_84.3_AFI42043.1
BT_Cry1Bd1	Cry1Bd1	571	0	12	11	Cry1Bd1(99.9)_EXY04803.1(-);Cry1Bd1(99.9)_OTW73736.1(+);Cry1Bd1;Cry1Bd2;Cry1Bd1(99.9)_OTY77561.1(+);Cry1Bd1(99.8)_APC65279.1;Cry1Bd2(99.9)_AQY42687.1;Cry1Bd1(99.9)_OTY88175.1(+);Cry1Bd2(99.9)_WP_079246656.1;Cry1Bd2(99.8)_AQY42687.1(-);Cry1Bd1(99.9)_OTZ53632.1(-)	NOV_Cry1Bd1_99.9_EXY04803.1;NOV_Cry1Bd1_99.9_OTW73736.1;BT_Cry1Bd1;BT_Cry1Bd2;NOV_Cry1Bd1_99.9_OTY77561.1;NOV_Cry1Bd1_99.8_APC65279.1;NOV_Cry1Bd2_99.9_AQY42687.1;NOV_Cry1Bd1_99.9_OTY88175.1;NOV_Cry1Bd2_99.9_WP_079246656.1;NOV_Cry1Bd2_99.8_AQY42687.1;NOV_Cry1Bd1_99.9_OTZ53632.1	2	BT_Cry1Bd1;BT_Cry1Bd2
BT_Cry40Aa1	Cry40Aa1		0	1	1	Cry40Aa1	BT_Cry40Aa1	1	BT_Cry40Aa1
BT_Cry4Ba1	Cry4Ba1	571;570	1	19	12	Cry4Ba1(98.9)_ABR22236.1;Cry4Ba1;Cry4Ba1(98.1)_ABR22240.1;Cry4Ba1(99.8)_4MOA_A;Cry4Ba5;Cry4Ba1(96.9)_ABR22239.1;Cry4Ba1(98.5)_ABR22238.1;Cry4Ba2;Cry4Ba1(99.6)_ABR22235.1;Cry4Ba4;Cry4Ba1(98.9)_ABR22237.1;Cry4Ba1(99.4)_AAW55474.1	NOV_Cry4Ba1_98.9_ABR22236.1;BT_Cry4Ba1;NOV_Cry4Ba1_98.1_ABR22240.1;NOV_Cry4Ba1_99.8_4MOA_A;BT_Cry4Ba5;NOV_Cry4Ba1_96.9_ABR22239.1;NOV_Cry4Ba1_98.5_ABR22238.1;BT_Cry4Ba2;NOV_Cry4Ba1_99.6_ABR22235.1;BT_Cry4Ba4;NOV_Cry4Ba1_98.9_ABR22237.1;NOV_Cry4Ba1_99.4_AAW55474.1	9	BT_Cry4Ba1;NOV_Cry4Ba1_96.9_ABR22239.1;NOV_Cry4Ba1_98.5_ABR22238.1;NOV_Cry4Ba1_98.9_ABR22236.1;NOV_Cry4Ba1_98.9_ABR22237.1;BT_Cry4Ba4;NOV_Cry4Ba1_99.6_ABR22235.1;NOV_Cry4Ba1_98.1_ABR22240.1;BT_Cry4Ba2
BT_Cry4Ba3	Cry4Ba3		0	1	1	Cry4Ba3	BT_Cry4Ba3	1	BT_Cry4Ba3
BT_Cry73Aa1	Cry73Aa1		0	1	1	Cry73Aa1	BT_Cry73Aa1	1	BT_Cry73Aa1
BT_Cry8Ba1	Cry8Ba1	571	0	6	6	Cry8Ba1(97.0)_OUB21150.1(-);Cry8Ba1;Cry8Ba1(97.0)_OUB29323.1(-);Cry8Ba1(97.0)_OUB22932.1(+);Cry8Ba1(97.0)_OUB35201.1(-);Cry8Ba1(97.0)_WP_086423161.1	NOV_Cry8Ba1_97.0_OUB21150.1;BT_Cry8Ba1;NOV_Cry8Ba1_97.0_OUB29323.1;NOV_Cry8Ba1_97.0_OUB22932.1;NOV_Cry8Ba1_97.0_OUB35201.1;NOV_Cry8Ba1_97.0_WP_086423161.1	2	BT_Cry8Ba1;NOV_Cry8Ba1_97.0_OUB21150.1
BT_Cry8Ia3	Cry8Ia3	570;569	1	4	4	Cry8Ia1;Cry8Ia2;Cry8Ia4;Cry8Ia3	BT_Cry8Ia1;BT_Cry8Ia2;BT_Cry8Ia4;BT_Cry8Ia3	2	BT_Cry8Ia3;BT_Cry8Ia1
BT_Cry9Fa1	Cry9Fa1		0	1	1	Cry9Fa1	BT_Cry9Fa1	1	BT_Cry9Fa1
NOV_Cry32Wa1_39.0_PEE63029.1	Cry32Wa1(39.0)_PEE63029.1(+)	571	0	23	23	Cry32Wa1(39.0)_PGU92045.1(-);Cry32Ma1(37.1)_PFE13212.1(+);Cry32Ma1(37.1)_WP_098349012.1;Cry32Wa1(39.2)_PGR92655.1(+);Cry32Wa1(39.2)_WP_098236459.1;Cry32Wa1(39.2)_PFV85565.1(-);Cry32Wa1(39.2)_PFK99360.1(-);Cry32Wa1(39.0)_PGY60137.1(-);Cry32Wa1(39.2)_PFB88478.1(+);Cry32Ma1(37.1)_PFJ62899.1(-);Cry32Wa1(39.0)_WP_098834641.1;Cry32Wa1(39.0)_PGP47008.1(-);Cry32Wa1(39.0)_PEE63029.1(+);Cry32Wa1(39.0)_WP_098563827.1;Cry32Wa1(39.0)_PEE85821.1(+);Cry32Ma1(37.1)_PFV01225.1(+);Cry32Wa1(39.0)_PFP10217.1(-);Cry32Wa1(39.0)_WP_097920476.1;Cry32Wa1(39.2)_WP_098515340.1;Cry32Wa1(39.0)_PFM86094.1(-);Cry32Wa1(38.9)_ANC11392.1;Cry32Wa1(38.9)_ANC16842.1;Cry32Wa1(39.2)_WP_098675605.1	NOV_Cry32Wa1_39.0_PGU92045.1;NOV_Cry32Ma1_37.1_PFE13212.1;NOV_Cry32Ma1_37.1_WP_098349012.1;NOV_Cry32Wa1_39.2_PGR92655.1;NOV_Cry32Wa1_39.2_WP_098236459.1;NOV_Cry32Wa1_39.2_PFV85565.1;NOV_Cry32Wa1_39.2_PFK99360.1;NOV_Cry32Wa1_39.0_PGY60137.1;NOV_Cry32Wa1_39.2_PFB88478.1;NOV_Cry32Ma1_37.1_PFJ62899.1;NOV_Cry32Wa1_39.0_WP_098834641.1;NOV_Cry32Wa1_39.0_PGP47008.1;NOV_Cry32Wa1_39.0_PEE63029.1;NOV_Cry32Wa1_39.0_WP_098563827.1;NOV_Cry32Wa1_39.0_PEE85821.1;NOV_Cry32Ma1_37.1_PFV01225.1;NOV_Cry32Wa1_39.0_PFP10217.1;NOV_Cry32Wa1_39.0_WP_097920476.1;NOV_Cry32Wa1_39.2_WP_098515340.1;NOV_Cry32Wa1_39.0_PFM86094.1;NOV_Cry32Wa1_38.9_ANC11392.1;NOV_Cry32Wa1_38.9_ANC16842.1;NOV_Cry32Wa1_39.2_WP_098675605.1	9	NOV_Cry32Wa1_39.0_PEE63029.1;NOV_Cry32Wa1_39.2_PFK99360.1;NOV_Cry32Wa1_39.2_PGR92655.1;NOV_Cry32Wa1_39.2_WP_098236459.1;NOV_Cry32Wa1_39.0_PGU92045.1;NOV_Cry32Wa1_39.0_PGY60137.1;NOV_Cry32Ma1_37.1_PFJ62899.1;NOV_Cry32Ma1_37.1_PFE13212.1;NOV_Cry32Wa1_38.9_ANC11392.1
NOV_Cry8Ja1_60.3_PEE68563.1	Cry8Ja1(60.3)_PEE68563.1(+)	571	0	2	2	Cry8Ja1(60.3)_WP_097987934.1;Cry8Ja1(60.3)_PEE68563.1(+)	NOV_Cry8Ja1_60.3_WP_097987934.1;NOV_Cry8Ja1_60.3_PEE68563.1	1	NOV_Cry8Ja1_60.3_PEE68563.1
NOV_Cry9Ga1_57.2_PEU81077.1	Cry9Ga1(57.2)_PEU81077.1(+)	571	0	7	7	Cry9Ga1(58.2)_WP_098712089.1;Cry9Ga1(57.2)_PFI05053.1(-);Cry9Ga1(57.2)_PEU81077.1(+);Cry9Ga1(57.2)_WP_098223361.1;Cry9Ga1(58.2)_PFW49142.1(-);Cry9Ga1(57.2)_PER39584.1(-);Cry9Ga1(58.4)_WP_098995610.1	NOV_Cry9Ga1_58.2_WP_098712089.1;NOV_Cry9Ga1_57.2_PFI05053.1;NOV_Cry9Ga1_57.2_PEU81077.1;NOV_Cry9Ga1_57.2_WP_098223361.1;NOV_Cry9Ga1_58.2_PFW49142.1;NOV_Cry9Ga1_57.2_PER39584.1;NOV_Cry9Ga1_58.4_WP_098995610.1	1	NOV_Cry9Ga1_57.2_PEU81077.1
NOV_Cry30Ga2_64.5_ARJ25665.1	Cry30Ga2(64.5)_ARJ25665.1		0	1	1	Cry30Ga2(64.5)_ARJ25665.1	NOV_Cry30Ga2_64.5_ARJ25665.1	1	NOV_Cry30Ga2_64.5_ARJ25665.1
BT_Cry1Bi1	Cry1Bi1		0	1	1	Cry1Bi1	BT_Cry1Bi1	1	BT_Cry1Bi1
BT_Cry1Ie4	Cry1Ie4	568	0	5	5	Cry1Ie1;Cry1Ie3;Cry1Ie5;Cry1Ie2;Cry1Ie4	BT_Cry1Ie1;BT_Cry1Ie3;BT_Cry1Ie5;BT_Cry1Ie2;BT_Cry1Ie4	4	BT_Cry1Ie4;BT_Cry1Ie3;BT_Cry1Ie1;BT_Cry1Ie5
BT_Cry52Aa1	Cry52Aa1		0	1	1	Cry52Aa1	BT_Cry52Aa1	1	BT_Cry52Aa1
BT_Cry7Ga2	Cry7Ga2	570	0	3	2	Cry7Ga2;Cry7Ga2(98.2)_AHB36892.1	BT_Cry7Ga2;NOV_Cry7Ga2_98.2_AHB36892.1	1	BT_Cry7Ga2
BT_Cry7Gb1	Cry7Gb1		0	1	1	Cry7Gb1	BT_Cry7Gb1	1	BT_Cry7Gb1
BT_Cry7Gc1	Cry7Gc1	570	0	3	3	Cry7Gc1(99.8)_OTY00858.1(+);Cry7Gc1(99.8)_WP_088065221.1;Cry7Gc1	NOV_Cry7Gc1_99.8_OTY00858.1;NOV_Cry7Gc1_99.8_WP_088065221.1;BT_Cry7Gc1	1	BT_Cry7Gc1
BT_Cry8Kb1	Cry8Kb1	570	0	4	4	Cry8Kb3;Cry8Kb2;Cry8Kb1;Cry8Pa3	BT_Cry8Kb3;BT_Cry8Kb2;BT_Cry8Kb1;BT_Cry8Pa3	1	BT_Cry8Kb1
BT_Cry9Ee1	Cry9Ee1	570	0	6	6	Cry9Ee2(99.1)_OTW84856.1(+);Cry9Ee2(99.1)_WP_086406662.1;Cry9Ee2(98.9)_OTW94166.1(+);Cry9Ee2;Cry9Ee1;Cry9Ee2(98.9)_WP_086790657.1	NOV_Cry9Ee2_99.1_OTW84856.1;NOV_Cry9Ee2_99.1_WP_086406662.1;NOV_Cry9Ee2_98.9_OTW94166.1;BT_Cry9Ee2;BT_Cry9Ee1;NOV_Cry9Ee2_98.9_WP_086790657.1	1	BT_Cry9Ee1
NOV_Cry7Gb1_28.6_WP_103574454.1	Cry7Gb1(28.6)_WP_103574454.1		0	1	1	Cry7Gb1(28.6)_WP_103574454.1	NOV_Cry7Gb1_28.6_WP_103574454.1	1	NOV_Cry7Gb1_28.6_WP_103574454.1
NOV_Cry30Ca1_66.6_BAD00052.1	Cry30Ca1(66.6)_BAD00052.1	570	0	2	1	Cry30Ca1(66.6)_BAD00052.1	NOV_Cry30Ca1_66.6_BAD00052.1	1	NOV_Cry30Ca1_66.6_BAD00052.1
NOV_Cry7Gb1_94.1_AGM39662.1	Cry7Gb1(94.1)_AGM39662.1	570	0	2	1	Cry7Gb1(94.1)_AGM39662.1	NOV_Cry7Gb1_94.1_AGM39662.1	1	NOV_Cry7Gb1_94.1_AGM39662.1
BT_Cry1Ba1	Cry1Ba1	569	0	20	18	Cry1Ba1(98.9)_ABQ23438.1;Cry1Ba2(99.9)_OTY85625.1(-);Cry1Ba1(99.9)_OTW42787.1(+);Cry1Ba1(99.9)_AST05277.1;Cry1Ba1(99.8)_ERH97550.1(+);Cry1Ba1(99.9)_PGH98789.1(-);Cry1Ba6;Cry1Ba7;Cry1Ba1;Cry1Ba1(99.9)_AGG04729.1(-);Cry1Ba5;Cry1Ba4;Cry1Ba1(99.9)_AEA19203.1(-);Cry1Ba1(99.9)_WP_021036206.1;Cry1Ba1(99.9)_ARP61632.1(-);Cry1Ba8;Cry1Ba2;Cry1Ba3	NOV_Cry1Ba1_98.9_ABQ23438.1;NOV_Cry1Ba2_99.9_OTY85625.1;NOV_Cry1Ba1_99.9_OTW42787.1;NOV_Cry1Ba1_99.9_AST05277.1;NOV_Cry1Ba1_99.8_ERH97550.1;NOV_Cry1Ba1_99.9_PGH98789.1;BT_Cry1Ba6;BT_Cry1Ba7;BT_Cry1Ba1;NOV_Cry1Ba1_99.9_AGG04729.1;BT_Cry1Ba5;BT_Cry1Ba4;NOV_Cry1Ba1_99.9_AEA19203.1;NOV_Cry1Ba1_99.9_WP_021036206.1;NOV_Cry1Ba1_99.9_ARP61632.1;BT_Cry1Ba8;BT_Cry1Ba2;BT_Cry1Ba3	5	BT_Cry1Ba1;NOV_Cry1Ba2_99.9_OTY85625.1;BT_Cry1Ba7;NOV_Cry1Ba1_98.9_ABQ23438.1;BT_Cry1Ba6
BT_Cry1Bh1	Cry1Bh1		0	1	1	Cry1Bh1	BT_Cry1Bh1	1	BT_Cry1Bh1
BT_Cry40Ba1	Cry40Ba1		0	1	1	Cry40Ba1	BT_Cry40Ba1	1	BT_Cry40Ba1
BT_Cry52Ba1	Cry52Ba1		0	1	1	Cry52Ba1	BT_Cry52Ba1	1	BT_Cry52Ba1
BT_Cry7La1	Cry7La1		0	1	1	Cry7La1	BT_Cry7La1	1	BT_Cry7La1
BT_Cry8La1	Cry8La1	569	0	2	2	Cry8La1(99.9)_WP_000074807.1;Cry8La1	NOV_Cry8La1_99.9_WP_000074807.1;BT_Cry8La1	1	BT_Cry8La1
NOV_Cry69Aa2_62.7_WP_103591151.1	Cry69Aa2(62.7)_WP_103591151.1		0	1	1	Cry69Aa2(62.7)_WP_103591151.1	NOV_Cry69Aa2_62.7_WP_103591151.1	1	NOV_Cry69Aa2_62.7_WP_103591151.1
NOV_Cry7Ca1_99.7_ABR67863.2	Cry7Ca1(99.7)_ABR67863.2	568	0	4	3	Cry7Ca1(99.7)_5ZI1_A;Cry7Ca1(99.7)_ABR67863.2;Cry7Ca1	NOV_Cry7Ca1_99.7_5ZI1_A;NOV_Cry7Ca1_99.7_ABR67863.2;BT_Cry7Ca1	1	NOV_Cry7Ca1_99.7_ABR67863.2
BT_Cry18Ba1	Cry18Ba1		0	1	1	Cry18Ba1	BT_Cry18Ba1	1	BT_Cry18Ba1
BT_Cry1Bb1	Cry1Bb1	568	0	10	9	Cry1Bc1;Cry1Bb2;Cry1Bb1;Cry1Bb1(99.9)_EEM92927.1(+);Cry1Bb1(99.9)_PNK46490.1(-);Cry1Bb1(99.9)_EEM92927.1;Cry1Bb1(99.9)_OTZ53849.1(+);Cry1Bb1(99.9)_OTZ30110.1(+);Cry1Bb1(99.9)_AMR88563.1(+);Cry1Bb3	BT_Cry1Bc1;BT_Cry1Bb2;BT_Cry1Bb1;NOV_Cry1Bb1_99.9_EEM92927.1;NOV_Cry1Bb1_99.9_PNK46490.1;NOV_Cry1Bb1_99.9_EEM92927.1;NOV_Cry1Bb1_99.9_OTZ53849.1;NOV_Cry1Bb1_99.9_OTZ30110.1;NOV_Cry1Bb1_99.9_AMR88563.1;BT_Cry1Bb3	1	BT_Cry1Bb1
BT_Cry1Bj1	Cry1Bj1		0	1	1	Cry1Bj1	BT_Cry1Bj1	1	BT_Cry1Bj1
BT_Cry1Ia11	Cry1Ia11	567;568;507	61	52	46	Cry1Ia33;Cry1Ia14(99.6)_WP_053514599.1;Cry1Ia3;Cry1Ia8;Cry1Ia1;Cry1Ia24;Cry1Ia20;Cry1Ia14;Cry1Ia12;Cry1Ia32;Cry1Ia4;Cry1Ia34;Cry1Ia14(99.9)_WP_103597599.1;Cry1Ia10;Cry1Ia35;Cry1Ia11;Cry1Ia26;Cry1Ia9;Cry1Ia7;Cry1Ia31;Cry1Ia29;Cry1Ia13;Cry1Ia7(99.8)_AAX58605.1;Cry1Ia22;Cry1Ia9(99.7)_AEV45788.1;Cry1Ia19;Cry1Ia14(99.2)_AQY42680.1(+);Cry1Ia14(99.6)_OTZ92959.1(+);Cry1Ia25;Cry1Ia15;Cry1Ia14(99.2)_AQY42680.1;Cry1Ia28;Cry1Ia5;Cry1Ia14(99.6)_OTZ15903.1(-);Cry1Ia14(99.6)_OTX17809.1(+);Cry1Ia23;Cry1Ia16;Cry1Ia30;Cry1Ia28(99.7)_AIQ81197.1;Cry1Ia2;Cry1Ia14(99.2)_WP_079246652.1;Cry1Ia6;Cry1Ia21;Cry1Ia11(96.7)_AXE42967.1;Cry1Ia27;Cry1Ia9(99.7)_AHL84185.1;Cry1Ia17	BT_Cry1Ia33;NOV_Cry1Ia14_99.6_WP_053514599.1;BT_Cry1Ia3;BT_Cry1Ia8;BT_Cry1Ia1;BT_Cry1Ia24;BT_Cry1Ia20;BT_Cry1Ia14;BT_Cry1Ia12;BT_Cry1Ia32;BT_Cry1Ia4;BT_Cry1Ia34;NOV_Cry1Ia14_99.9_WP_103597599.1;BT_Cry1Ia10;BT_Cry1Ia35;BT_Cry1Ia11;BT_Cry1Ia26;BT_Cry1Ia9;BT_Cry1Ia7;BT_Cry1Ia31;BT_Cry1Ia29;BT_Cry1Ia13;NOV_Cry1Ia7_99.8_AAX58605.1;BT_Cry1Ia22;NOV_Cry1Ia9_99.7_AEV45788.1;BT_Cry1Ia19;NOV_Cry1Ia14_99.2_AQY42680.1;NOV_Cry1Ia14_99.6_OTZ92959.1;BT_Cry1Ia25;BT_Cry1Ia15;NOV_Cry1Ia14_99.2_AQY42680.1;BT_Cry1Ia28;BT_Cry1Ia5;NOV_Cry1Ia14_99.6_OTZ15903.1;NOV_Cry1Ia14_99.6_OTX17809.1;BT_Cry1Ia23;BT_Cry1Ia16;BT_Cry1Ia30;NOV_Cry1Ia28_99.7_AIQ81197.1;BT_Cry1Ia2;NOV_Cry1Ia14_99.2_WP_079246652.1;BT_Cry1Ia6;BT_Cry1Ia21;NOV_Cry1Ia11_96.7_AXE42967.1;BT_Cry1Ia27;NOV_Cry1Ia9_99.7_AHL84185.1;BT_Cry1Ia17	29	BT_Cry1Ia11;BT_Cry1Ia32;BT_Cry1Ia25;BT_Cry1Ia26;BT_Cry1Ia20;BT_Cry1Ia31;BT_Cry1Ia7;NOV_Cry1Ia28_99.7_AIQ81197.1;BT_Cry1Ia4;NOV_Cry1Ia14_99.2_WP_079246652.1;BT_Cry1Ia12;BT_Cry1Ia8;BT_Cry1Ia21;BT_Cry1Ia15;BT_Cry1Ia6;BT_Cry1Ia13;NOV_Cry1Ia11_96.7_AXE42967.1;NOV_Cry1Ia9_99.7_AEV45788.1;NOV_Cry1Ia14_99.6_WP_053514599.1;BT_Cry1Ia33;BT_Cry1Ia30;BT_Cry1Ia24;BT_Cry1Ia22;BT_Cry1Ia28;BT_Cry1Ia3;BT_Cry1Ia29;NOV_Cry1Ia14_99.2_AQY42680.1;NOV_Cry1Ia9_99.7_AHL84185.1;BT_Cry1Ia2
BT_Cry1Ia18	Cry1Ia18	567;568	1	26	24	Cry1Ib6;Cry1Ib7(99.9)_WP_033700083.1;Cry1Ib8;Cry1Ib7(99.3)_AFC76323.1;Cry1Ia18;Cry1Ib2;Cry1Ib11(99.9)_PFA82393.1(-);Cry1Ib1;Cry1Ib11(99.9)_OTZ30120.1(-);Cry1Ib11(99.9)_PNK40024.1(-);Cry1Ib7(99.9)_OTY74986.1(+);Cry1Ib7;Cry1Ib7(99.9)_EXY05450.1(-);Cry1Ib4;Cry1Ib10;Cry1Ib11;Cry1Ib9;Cry1Ib11(99.9)_WP_042596188.1;Cry1Ib7(99.9)_OTY81129.1(-);Cry1Ib11(99.9)_KIP24195.1(-);Cry1Ib7(99.9)_OTW51776.1(+);Cry1Ib7(99.9)_OTZ43567.1(+);Cry1Ib10(97.2)_AHX73744.1;Cry1Ib3	BT_Cry1Ib6;NOV_Cry1Ib7_99.9_WP_033700083.1;BT_Cry1Ib8;NOV_Cry1Ib7_99.3_AFC76323.1;BT_Cry1Ia18;BT_Cry1Ib2;NOV_Cry1Ib11_99.9_PFA82393.1;BT_Cry1Ib1;NOV_Cry1Ib11_99.9_OTZ30120.1;NOV_Cry1Ib11_99.9_PNK40024.1;NOV_Cry1Ib7_99.9_OTY74986.1;BT_Cry1Ib7;NOV_Cry1Ib7_99.9_EXY05450.1;BT_Cry1Ib4;BT_Cry1Ib10;BT_Cry1Ib11;BT_Cry1Ib9;NOV_Cry1Ib11_99.9_WP_042596188.1;NOV_Cry1Ib7_99.9_OTY81129.1;NOV_Cry1Ib11_99.9_KIP24195.1;NOV_Cry1Ib7_99.9_OTW51776.1;NOV_Cry1Ib7_99.9_OTZ43567.1;NOV_Cry1Ib10_97.2_AHX73744.1;BT_Cry1Ib3	9	BT_Cry1Ia18;BT_Cry1Ib7;NOV_Cry1Ib7_99.3_AFC76323.1;BT_Cry1Ib8;BT_Cry1Ib2;BT_Cry1Ib4;NOV_Cry1Ib7_99.9_WP_033700083.1;BT_Cry1Ib1;NOV_Cry1Ib10_97.2_AHX73744.1
BT_Cry32Da1	Cry32Da1		0	1	1	Cry32Da1	BT_Cry32Da1	1	BT_Cry32Da1
BT_Cry3Ba1	Cry3Ba1	568	0	3	3	Cry3Ba3;Cry3Ba2;Cry3Ba1	BT_Cry3Ba3;BT_Cry3Ba2;BT_Cry3Ba1	1	BT_Cry3Ba1
BT_Cry3Bb1	Cry3Bb1	568	0	2	2	Cry3Bb2;Cry3Bb1	BT_Cry3Bb2;BT_Cry3Bb1	1	BT_Cry3Bb1
BT_Cry7Ba1	Cry7Ba1		0	1	1	Cry7Ba1	BT_Cry7Ba1	1	BT_Cry7Ba1
BT_Cry8Ka1	Cry8Ka1		0	1	1	Cry8Ka1	BT_Cry8Ka1	1	BT_Cry8Ka1
BT_Cry8Ka3	Cry8Ka3	568	0	3	2	Cry8Ka3;Cry8Ka3(99.7)_ACN87262.1	BT_Cry8Ka3;NOV_Cry8Ka3_99.7_ACN87262.1	1	BT_Cry8Ka3
BT_Cry9Ec1	Cry9Ec1	561	0	2	2	Cry9Ec1;Cry9-like	BT_Cry9Ec1;BT_Cry9-like	1	BT_Cry9Ec1
BT_Cry9Ed1	Cry9Ed1		0	1	1	Cry9Ed1	BT_Cry9Ed1	1	BT_Cry9Ed1
BT_Cry1Bf1	Cry1Bf1	567	0	2	2	Cry1Bf1(99.7)_AAQ52380.1;Cry1Bf1	NOV_Cry1Bf1_99.7_AAQ52380.1;BT_Cry1Bf1	1	BT_Cry1Bf1
BT_Cry1Bg1	Cry1Bg1	567	0	3	2	Cry1Bg1;Cry1Bg1(99.9)_AAO39720.1	BT_Cry1Bg1;NOV_Cry1Bg1_99.9_AAO39720.1	1	BT_Cry1Bg1
BT_Cry1Ca11	Cry1Ca11	567;542	25	20	18	Cry1Ca9;Cry1Ca2(99.9)_CAA00882.1;Cry1Ca4(99.9)_QBO56621.1;Cry1Ca8(97.8)_ETE96169.1(-);Cry1Ca4;Cry1Ca8;Cry1Ca3(99.9)_P0A376.1;Cry1Ca11(96.8)_CBX51932.1;Cry1Ca7;Cry1Ca8(97.8)_ETE96169.1;Cry1Ca12;Cry1Ca13;Cry1Ca2;Cry1Ca14;Cry1Ca1(99.9)_BAM67040.1;Cry1Ca3;Cry1Ca11;Cry1Ca5;Cry1Ca1	BT_Cry1Ca9;NOV_Cry1Ca2_99.9_CAA00882.1;NOV_Cry1Ca4_99.9_QBO56621.1;NOV_Cry1Ca8_97.8_ETE96169.1;BT_Cry1Ca4;BT_Cry1Ca8;NOV_Cry1Ca3_99.9_P0A376.1;NOV_Cry1Ca11_96.8_CBX51932.1;BT_Cry1Ca7;NOV_Cry1Ca8_97.8_ETE96169.1;BT_Cry1Ca12;BT_Cry1Ca13;BT_Cry1Ca2;BT_Cry1Ca14;NOV_Cry1Ca1_99.9_BAM67040.1;BT_Cry1Ca3;BT_Cry1Ca11;BT_Cry1Ca5;BT_Cry1Ca1	7	BT_Cry1Ca11;BT_Cry1Ca3;BT_Cry1Ca2;NOV_Cry1Ca4_99.9_QBO56621.1;NOV_Cry1Ca2_99.9_CAA00882.1;NOV_Cry1Ca1_99.9_BAM67040.1;BT_Cry1Ca4
BT_Cry1Id1	Cry1Id1	567	0	3	3	Cry1Id2;Cry1Id3;Cry1Id1	BT_Cry1Id2;BT_Cry1Id3;BT_Cry1Id1	1	BT_Cry1Id1
BT_Cry1Ig1	Cry1Ig1		0	1	1	Cry1Ig1	BT_Cry1Ig1	1	BT_Cry1Ig1
BT_Cry30Ga1	Cry30Ga1	567	0	7	4	Cry30Ga2;Cry30Ga2(97.1)_AKR12899.1(+);Cry30Ga2(97.1)_AKR12899.1;Cry30Ga2(99.2)_ADK47393.1;Cry30Ga1	BT_Cry30Ga2;NOV_Cry30Ga2_97.1_AKR12899.1;NOV_Cry30Ga2_97.1_AKR12899.1;NOV_Cry30Ga2_99.2_ADK47393.1;BT_Cry30Ga1	2	BT_Cry30Ga1;BT_Cry30Ga2
BT_Cry8Ga1	Cry8Ga1	567;555	12	5	4	Cry8Ga1;Cry8Ga3;Cry8Ga2;Cry8Ga1(93.6)_ABB29865.1	BT_Cry8Ga1;BT_Cry8Ga3;BT_Cry8Ga2;NOV_Cry8Ga1_93.6_ABB29865.1	2	BT_Cry8Ga1;BT_Cry8Ga3
BT_Cry8Sa1	Cry8Sa1	567	0	2	2	Cry8Sa1;Cry8Sa1(99.9)_WP_103622574.1	BT_Cry8Sa1;NOV_Cry8Sa1_99.9_WP_103622574.1	1	BT_Cry8Sa1
NOV_Cry43Cb1_43.9_PEA91147.1	Cry43Cb1(43.9)_PEA91147.1(-)	567	0	2	2	Cry43Cb1(43.9)_WP_098901723.1;Cry43Cb1(43.9)_PEA91147.1(-)	NOV_Cry43Cb1_43.9_WP_098901723.1;NOV_Cry43Cb1_43.9_PEA91147.1	1	NOV_Cry43Cb1_43.9_PEA91147.1
NOV_Cry1Ie5_79.3_PQQ47595.1	Cry1Ie5(79.3)_PQQ47595.1(-)	567	0	2	2	Cry1Ie5(79.3)_WP_105433843.1;Cry1Ie5(79.3)_PQQ47595.1(-)	NOV_Cry1Ie5_79.3_WP_105433843.1;NOV_Cry1Ie5_79.3_PQQ47595.1	1	NOV_Cry1Ie5_79.3_PQQ47595.1
NOV_Cry9Ga1_58.0_AJS57594.1	Cry9Ga1(58.0)_AJS57594.1		0	1	1	Cry9Ga1(58.0)_AJS57594.1	NOV_Cry9Ga1_58.0_AJS57594.1	1	NOV_Cry9Ga1_58.0_AJS57594.1
BT_Cry17Aa1	Cry17Aa1		0	1	1	Cry17Aa1	BT_Cry17Aa1	1	BT_Cry17Aa1
BT_Cry1Be1	Cry1Be1	566	0	7	5	Cry1Be1(99.4)_AOV85568.1;Cry1Be3;Cry1Be4;Cry1Be1(99.6)_AAS93797.1;Cry1Be1	NOV_Cry1Be1_99.4_AOV85568.1;BT_Cry1Be3;BT_Cry1Be4;NOV_Cry1Be1_99.6_AAS93797.1;BT_Cry1Be1	3	BT_Cry1Be1;NOV_Cry1Be1_99.4_AOV85568.1;BT_Cry1Be3
BT_Cry1Ic1	Cry1Ic1	566	0	2	2	Cry1Ic1;Cry1Ic2	BT_Cry1Ic1;BT_Cry1Ic2	1	BT_Cry1Ic1
BT_Cry8Ha1	Cry8Ha1		0	1	1	Cry8Ha1	BT_Cry8Ha1	1	BT_Cry8Ha1
BT_Cry9Eb1	Cry9Eb1	566	0	6	6	Cry9Eb3(95.6)_OTX17826.1(-);Cry9Eb3(95.6)_OTW81421.1(+);Cry9Eb3(95.6)_WP_087948201.1;Cry9Eb2;Cry9Eb3;Cry9Eb1	NOV_Cry9Eb3_95.6_OTX17826.1;NOV_Cry9Eb3_95.6_OTW81421.1;NOV_Cry9Eb3_95.6_WP_087948201.1;BT_Cry9Eb2;BT_Cry9Eb3;BT_Cry9Eb1	3	BT_Cry9Eb1;NOV_Cry9Eb3_95.6_OTX17826.1;BT_Cry9Eb2
NOV_Cry5Ba1_27.2_AZR80678.1	Cry5Ba1(27.2)_AZR80678.1(+)	566	0	4	3	Cry5Ba1(27.2)_AZR80678.1(+);Cry5Ba1(27.2)_AWQ27825.1;Cry5Ba1(27.2)_AZR80678.1;Cry5Ba1(27.2)_WP_127064340.1	NOV_Cry5Ba1_27.2_AZR80678.1;NOV_Cry5Ba1_27.2_AWQ27825.1;NOV_Cry5Ba1_27.2_AZR80678.1;NOV_Cry5Ba1_27.2_WP_127064340.1	1	NOV_Cry5Ba1_27.2_AZR80678.1
NOV_Cry69Ab1_59.2_WP_103591619.1	Cry69Ab1(59.2)_WP_103591619.1		0	1	1	Cry69Ab1(59.2)_WP_103591619.1	NOV_Cry69Ab1_59.2_WP_103591619.1	1	NOV_Cry69Ab1_59.2_WP_103591619.1
NOV_Cry53Ab1_40.0_CAH33955.1	Cry53Ab1(40.0)_CAH33955.1	566	0	3	3	Cry53Ab1(40.8)_CAH33954.1;Cry53Ab1(39.7)_CAH33956.1;Cry53Ab1(40.0)_CAH33955.1	NOV_Cry53Ab1_40.8_CAH33954.1;NOV_Cry53Ab1_39.7_CAH33956.1;NOV_Cry53Ab1_40.0_CAH33955.1	1	NOV_Cry53Ab1_40.0_CAH33955.1
BT_Cry32Ua1	Cry32Ua1		0	1	1	Cry32Ua1	BT_Cry32Ua1	1	BT_Cry32Ua1
BT_Cry3Ca1	Cry3Ca1		0	1	1	Cry3Ca1	BT_Cry3Ca1	1	BT_Cry3Ca1
BT_Cry8Hb1	Cry8Hb1		0	1	1	Cry8Hb1	BT_Cry8Hb1	1	BT_Cry8Hb1
NOV_Cry69Ab1_58.0_PEU83535.1	Cry69Ab1(58.0)_PEU83535.1(+)	565	0	6	6	Cry69Ab1(58.0)_PER42111.1(+);Cry69Ab1(58.0)_PFW19349.1(+);Cry69Ab1(58.0)_PGY73908.1(-);Cry69Ab1(58.0)_WP_098223240.1;Cry69Ab1(58.0)_PEU83535.1(+);Cry69Ab1(58.0)_PFH99374.1(+)	NOV_Cry69Ab1_58.0_PER42111.1;NOV_Cry69Ab1_58.0_PFW19349.1;NOV_Cry69Ab1_58.0_PGY73908.1;NOV_Cry69Ab1_58.0_WP_098223240.1;NOV_Cry69Ab1_58.0_PEU83535.1;NOV_Cry69Ab1_58.0_PFH99374.1	1	NOV_Cry69Ab1_58.0_PEU83535.1
NOV_Cry8Ha1_89.8_ATY50148.1	Cry8Ha1(89.8)_ATY50148.1	565	0	3	2	Cry8Ha1(89.8)_WP_095022316.1;Cry8Ha1(89.8)_ATY50148.1	NOV_Cry8Ha1_89.8_WP_095022316.1;NOV_Cry8Ha1_89.8_ATY50148.1	1	NOV_Cry8Ha1_89.8_ATY50148.1
NOV_Cry73Aa1_88.4_AQM56942.1	Cry73Aa1(88.4)_AQM56942.1	565	0	2	1	Cry73Aa1(88.4)_AQM56942.1	NOV_Cry73Aa1_88.4_AQM56942.1	1	NOV_Cry73Aa1_88.4_AQM56942.1
NOV_Cry8Ha1_89.4_ABB29866.1	Cry8Ha1(89.4)_ABB29866.1	565	0	2	1	Cry8Ha1(89.4)_ABB29866.1	NOV_Cry8Ha1_89.4_ABB29866.1	1	NOV_Cry8Ha1_89.4_ABB29866.1
BT_Cry31Ab1	Cry31Ab1	564	0	2	2	Cry31Ab2;Cry31Ab1	BT_Cry31Ab2;BT_Cry31Ab1	1	BT_Cry31Ab1
BT_Cry31Ad1	Cry31Ad1	564	0	2	2	Cry31Ad1;Cry31Ad2	BT_Cry31Ad1;BT_Cry31Ad2	1	BT_Cry31Ad1
BT_Cry7Ab5	Cry7Ab5	560	0	6	6	Cry7Ab4(99.8)_OTW46212.1(+);Cry7Ab4(99.8)_WP_001052621.1;Cry7Ab5;Cry7Ab4(99.8)_EEM55953.1(-);Cry7Ab4;Cry7Ab4(99.8)_OTX02121.1(-)	NOV_Cry7Ab4_99.8_OTW46212.1;NOV_Cry7Ab4_99.8_WP_001052621.1;BT_Cry7Ab5;NOV_Cry7Ab4_99.8_EEM55953.1;BT_Cry7Ab4;NOV_Cry7Ab4_99.8_OTX02121.1	2	BT_Cry7Ab5;NOV_Cry7Ab4_99.8_OTW46212.1
BT_Cry9Ea10	Cry9Ea10	564	0	11	11	Cry9Ea7;Cry9Ea6;Cry9Ea10;Cry9Ea4;Cry9Ea5;Cry9Ea3;Cry9Ea1(99.9)_QBO24622.1;Cry9Ea2;Cry9Ea1;Cry9Ea9;Cry9Ea8	BT_Cry9Ea7;BT_Cry9Ea6;BT_Cry9Ea10;BT_Cry9Ea4;BT_Cry9Ea5;BT_Cry9Ea3;NOV_Cry9Ea1_99.9_QBO24622.1;BT_Cry9Ea2;BT_Cry9Ea1;BT_Cry9Ea9;BT_Cry9Ea8	5	BT_Cry9Ea10;BT_Cry9Ea7;BT_Cry9Ea5;BT_Cry9Ea3;BT_Cry9Ea6
NOV_Cry5Ba1_48.7_TEA80813.1	Cry5Ba1(48.7)_TEA80813.1(-)	564	0	2	2	Cry5Ba1(48.7)_TEA80813.1(-);Cry5Ba1(48.7)_WP_134208580.1	NOV_Cry5Ba1_48.7_TEA80813.1;NOV_Cry5Ba1_48.7_WP_134208580.1	1	NOV_Cry5Ba1_48.7_TEA80813.1
BT_Cry1Ka2	Cry1Ka2	563;562	1	6	5	Cry1Ka2(99.8)_OTZ32741.1(-);Cry1Ka1(98.4)_KIP24267.1(-);Cry1Ka1;Cry1Ka2;Cry1Ka1(98.4)_KIP24267.1;Cry1Ka2(99.8)_WP_086421749.1	NOV_Cry1Ka2_99.8_OTZ32741.1;NOV_Cry1Ka1_98.4_KIP24267.1;BT_Cry1Ka1;BT_Cry1Ka2;NOV_Cry1Ka1_98.4_KIP24267.1;NOV_Cry1Ka2_99.8_WP_086421749.1	3	BT_Cry1Ka2;BT_Cry1Ka1;NOV_Cry1Ka2_99.8_OTZ32741.1
BT_Cry1Ma1	Cry1Ma1	518	0	2	2	Cry1Ma2;Cry1Ma1	BT_Cry1Ma2;BT_Cry1Ma1	1	BT_Cry1Ma1
BT_Cry28Aa2	Cry28Aa2	544;563	19	14	11	Cry28Aa2(99.6)_ABB51653.1;Cry28Aa2(99.7)_OTX71525.1(-);Cry28Aa2(99.6)_WP_000357587.1;Cry28Aa2(99.6)_ADY25012.1(+);Cry28Aa2(99.6)_ADY25012.1;Cry28Aa2(99.7)_OTX71618.1(+);Cry28Aa2(99.7)_OTY31851.1(+);Cry28Aa1;Cry28Aa2(99.7)_OTX77050.1(+);Cry28Aa2(99.7)_WP_000357586.1;Cry28Aa2;Cry28Aa2(99.7)_ADY24870.1;Cry28Aa2(99.7)_ADY24870.1(+)	NOV_Cry28Aa2_99.6_ABB51653.1;NOV_Cry28Aa2_99.7_OTX71525.1;NOV_Cry28Aa2_99.6_WP_000357587.1;NOV_Cry28Aa2_99.6_ADY25012.1;NOV_Cry28Aa2_99.6_ADY25012.1;NOV_Cry28Aa2_99.7_OTX71618.1;NOV_Cry28Aa2_99.7_OTY31851.1;BT_Cry28Aa1;NOV_Cry28Aa2_99.7_OTX77050.1;NOV_Cry28Aa2_99.7_WP_000357586.1;BT_Cry28Aa2;NOV_Cry28Aa2_99.7_ADY24870.1;NOV_Cry28Aa2_99.7_ADY24870.1	3	BT_Cry28Aa2;NOV_Cry28Aa2_99.6_ABB51653.1;BT_Cry28Aa1
BT_Cry8Ea2	Cry8Ea2	563	0	16	10	Cry8Ea3(99.9)_ABB29863.1;Cry8Ea3(99.9)_AFM73687.1;Cry8Ea3(98.7)_AGF70692.1;Cry8Ea3(99.6)_AGM16383.1;Cry8Ea2;Cry8Ea6;Cry8Ea3;Cry8Ea3(99.9)_AEA51183.1;Cry8Ea1;Cry8Ea3(99.7)_AAY84151.1	NOV_Cry8Ea3_99.9_ABB29863.1;NOV_Cry8Ea3_99.9_AFM73687.1;NOV_Cry8Ea3_98.7_AGF70692.1;NOV_Cry8Ea3_99.6_AGM16383.1;BT_Cry8Ea2;BT_Cry8Ea6;BT_Cry8Ea3;NOV_Cry8Ea3_99.9_AEA51183.1;BT_Cry8Ea1;NOV_Cry8Ea3_99.7_AAY84151.1	7	BT_Cry8Ea2;NOV_Cry8Ea3_99.9_AEA51183.1;BT_Cry8Ea6;NOV_Cry8Ea3_99.6_AGM16383.1;NOV_Cry8Ea3_99.9_AFM73687.1;NOV_Cry8Ea3_99.9_ABB29863.1;NOV_Cry8Ea3_98.7_AGF70692.1
NOV_Cry8Ca1_41.2_AST51780.1	Cry8Ca1(41.2)_AST51780.1		0	1	1	Cry8Ca1(41.2)_AST51780.1	NOV_Cry8Ca1_41.2_AST51780.1	1	NOV_Cry8Ca1_41.2_AST51780.1
BT_Cry2Ag1	Cry2Ag1		0	1	1	Cry2Ag1	BT_Cry2Ag1	1	BT_Cry2Ag1
BT_Cry63Aa1	Cry63Aa1		0	1	1	Cry63Aa1	BT_Cry63Aa1	1	BT_Cry63Aa1
BT_Cry19Aa1	Cry19Aa1		0	1	1	Cry19Aa1	BT_Cry19Aa1	1	BT_Cry19Aa1
BT_Cry1Ac39	Cry1Ac39	560;558;521;559	39	68	56	Cry1Ac13(97.5)_AXE42971.1;Cry1Ac37;Cry1Ac11(99.8)_ACB05715.1;Cry1Ac30;Cry1Ac10(99.0)_CAA70925.1;Cry1Ac10(99.8)_ADB44078.1;Cry1Ac29;Cry1Ac39;Cry1Ac9;Cry1Ac2(99.8)_OTZ14059.1(+);Cry1Ac28;Cry1Ac19;Cry1Ac2(99.9)_OTX40985.1(-);Cry1Ac22;Cry1Ac31;Cry1Ac8;Cry1Ac10;Cry1Ac36;Cry1Ac4;Cry1Ac32;Cry1Ac18;Cry1Ac12;Cry1Ac15;Cry1Ac26;Cry1Ac13(99.3)_AAB30710.1;Cry1Ac13;Cry1Ac34;Cry1Ac10(99.3)_ABY83188.1;Cry1Ac20;Cry1Ac3;Cry1Ac5;Cry1Ac13(96.1)_AXE42966.1;Cry1Ac10(99.9)_AXP29732.1;Cry1Ac21;Cry1Ac17;Cry1Ac27;Cry1Ac10(99.0)_AKJ79185.1;Cry1Ac2(99.9)_WP_053512334.1;Cry1Ac2;Cry1Ac14;Cry1Ac16;Cry1Ac7;Cry1Ac33;Cry1Ac2(99.8)_OTZ97385.1(+);Cry1Ac24;Cry1Ac38;Cry1Ac6;Cry1Ac10(99.2)_ACV81774.1;Cry1Ac5(99.9)_AHK23266.1;Cry1Ac5(99.7)_ADD12104.1;Cry1Ac2(99.8)_WP_074644113.1;Cry1Ac11;Cry1Ac4(98.7)_4W8J_A;Cry1Ac25;Cry1Ac35;Cry1Ac1	NOV_Cry1Ac13_97.5_AXE42971.1;BT_Cry1Ac37;NOV_Cry1Ac11_99.8_ACB05715.1;BT_Cry1Ac30;NOV_Cry1Ac10_99.0_CAA70925.1;NOV_Cry1Ac10_99.8_ADB44078.1;BT_Cry1Ac29;BT_Cry1Ac39;BT_Cry1Ac9;NOV_Cry1Ac2_99.8_OTZ14059.1;BT_Cry1Ac28;BT_Cry1Ac19;NOV_Cry1Ac2_99.9_OTX40985.1;BT_Cry1Ac22;BT_Cry1Ac31;BT_Cry1Ac8;BT_Cry1Ac10;BT_Cry1Ac36;BT_Cry1Ac4;BT_Cry1Ac32;BT_Cry1Ac18;BT_Cry1Ac12;BT_Cry1Ac15;BT_Cry1Ac26;NOV_Cry1Ac13_99.3_AAB30710.1;BT_Cry1Ac13;BT_Cry1Ac34;NOV_Cry1Ac10_99.3_ABY83188.1;BT_Cry1Ac20;BT_Cry1Ac3;BT_Cry1Ac5;NOV_Cry1Ac13_96.1_AXE42966.1;NOV_Cry1Ac10_99.9_AXP29732.1;BT_Cry1Ac21;BT_Cry1Ac17;BT_Cry1Ac27;NOV_Cry1Ac10_99.0_AKJ79185.1;NOV_Cry1Ac2_99.9_WP_053512334.1;BT_Cry1Ac2;BT_Cry1Ac14;BT_Cry1Ac16;BT_Cry1Ac7;BT_Cry1Ac33;NOV_Cry1Ac2_99.8_OTZ97385.1;BT_Cry1Ac24;BT_Cry1Ac38;BT_Cry1Ac6;NOV_Cry1Ac10_99.2_ACV81774.1;NOV_Cry1Ac5_99.9_AHK23266.1;NOV_Cry1Ac5_99.7_ADD12104.1;NOV_Cry1Ac2_99.8_WP_074644113.1;BT_Cry1Ac11;NOV_Cry1Ac4_98.7_4W8J_A;BT_Cry1Ac25;BT_Cry1Ac35;BT_Cry1Ac1	34	BT_Cry1Ac39;BT_Cry1Ac22;NOV_Cry1Ac13_96.1_AXE42966.1;BT_Cry1Ac36;NOV_Cry1Ac5_99.7_ADD12104.1;NOV_Cry1Ac13_97.5_AXE42971.1;NOV_Cry1Ac11_99.8_ACB05715.1;BT_Cry1Ac38;BT_Cry1Ac30;BT_Cry1Ac35;BT_Cry1Ac27;BT_Cry1Ac33;BT_Cry1Ac12;NOV_Cry1Ac10_99.2_ACV81774.1;NOV_Cry1Ac10_99.9_AXP29732.1;BT_Cry1Ac20;NOV_Cry1Ac2_99.8_OTZ14059.1;NOV_Cry1Ac10_99.0_AKJ79185.1;BT_Cry1Ac25;BT_Cry1Ac37;BT_Cry1Ac19;BT_Cry1Ac29;BT_Cry1Ac8;NOV_Cry1Ac10_99.0_CAA70925.1;BT_Cry1Ac18;BT_Cry1Ac13;NOV_Cry1Ac10_99.3_ABY83188.1;BT_Cry1Ac6;BT_Cry1Ac24;BT_Cry1Ac4;BT_Cry1Ac28;BT_Cry1Ac15;NOV_Cry1Ac10_99.8_ADB44078.1;BT_Cry1Ac9
BT_Cry31Aa6	Cry31Aa6	560	0	8	7	Cry31Aa1;Cry31Aa5;Cry31Aa4;Cry31Aa3;Cry31Aa6;Cry31Aa1(99.3)_ALD83784.1;Cry31Aa2	BT_Cry31Aa1;BT_Cry31Aa5;BT_Cry31Aa4;BT_Cry31Aa3;BT_Cry31Aa6;NOV_Cry31Aa1_99.3_ALD83784.1;BT_Cry31Aa2	5	BT_Cry31Aa6;BT_Cry31Aa1;BT_Cry31Aa5;BT_Cry31Aa4;NOV_Cry31Aa1_99.3_ALD83784.1
BT_Cry7Da1	Cry7Da1	561	0	2	2	Cry7Da3;Cry7Da1	BT_Cry7Da3;BT_Cry7Da1	1	BT_Cry7Da1
BT_Cry2Aa3	Cry2Aa3	559;561	2	3	3	Cry2Aa3(99.7)_AAQ52384.1;Cry2Aa12;Cry2Aa3	NOV_Cry2Aa3_99.7_AAQ52384.1;BT_Cry2Aa12;BT_Cry2Aa3	2	BT_Cry2Aa3;NOV_Cry2Aa3_99.7_AAQ52384.1
NOV_Cry53Ab1_40.9_APA45008.1	Cry53Ab1(40.9)_APA45008.1	561	0	2	1	Cry53Ab1(40.9)_APA45008.1	NOV_Cry53Ab1_40.9_APA45008.1	1	NOV_Cry53Ab1_40.9_APA45008.1
BT_Cry1Ab2	Cry1Ab2		0	1	1	Cry1Ab2	BT_Cry1Ab2	1	BT_Cry1Ab2
BT_Cry2Ab15	Cry2Ab15	512;559;558;514	47	59	50	Cry2Ab28;Cry2Ab2;Cry2Ab16;Cry2Ab4(98.3)_WP_087988123.1;Cry2Ab17;Cry2Ab4(98.1)_WP_087976771.1;Cry2Ab18(96.6)_AXE42969.1;Cry2Ab23;Cry2Ab14;Cry2Ab16(96.7)_AIW52614.1;Cry2Ab22;Cry2Ab16(99.8)_AIE37434.1;Cry2Ab8;Cry2Ab4(98.6)_WP_087988137.1;Cry2Ab4(98.6)_OTW61456.1(+);Cry2Ab4;Cry2Ab1;Cry2Ab4(96.7)_OTY50440.1(+);Cry2Ab18(96.8)_AXE42968.1;Cry2Ab20;Cry2Ab16(99.8)_AIE37434.1(+);Cry2Ab4(96.7)_OTW63083.1(+);Cry2Ab26;Cry2Ab4(99.7)_AUN50233.1;Cry2Ab4(98.1)_OTZ46143.1(-);Cry2Ab4(96.7)_WP_087988140.1;Cry2Ab16(98.9)_AKO73582.1;Cry2Ab11;Cry2Ab3;Cry2Ab25;Cry2Ab7;Cry2Ab15(99.6)_ACZ64281.1;Cry2Ab4(98.6)_OTY50446.1(-);Cry2Ab18(99.8)_QBO24621.1;Cry2Ab18(98.2)_AXE42970.1;Cry2Ab13;Cry2Ab27;Cry2Ab24;Cry2Ah2;Cry2Ab19;Cry2Ab6;Cry2Ab5;Cry2Ab4(99.8)_ABM21766.1;Cry2Ab16(99.8)_AHM93475.1;Cry2Ab15;Cry2Ab30;Cry2Ab21;Cry2Ab18;Cry2Ab29;Cry2Ab9;Cry2Ab16(99.8)_WP_042970268.1	BT_Cry2Ab28;BT_Cry2Ab2;BT_Cry2Ab16;NOV_Cry2Ab4_98.3_WP_087988123.1;BT_Cry2Ab17;NOV_Cry2Ab4_98.1_WP_087976771.1;NOV_Cry2Ab18_96.6_AXE42969.1;BT_Cry2Ab23;BT_Cry2Ab14;NOV_Cry2Ab16_96.7_AIW52614.1;BT_Cry2Ab22;NOV_Cry2Ab16_99.8_AIE37434.1;BT_Cry2Ab8;NOV_Cry2Ab4_98.6_WP_087988137.1;NOV_Cry2Ab4_98.6_OTW61456.1;BT_Cry2Ab4;BT_Cry2Ab1;NOV_Cry2Ab4_96.7_OTY50440.1;NOV_Cry2Ab18_96.8_AXE42968.1;BT_Cry2Ab20;NOV_Cry2Ab16_99.8_AIE37434.1;NOV_Cry2Ab4_96.7_OTW63083.1;BT_Cry2Ab26;NOV_Cry2Ab4_99.7_AUN50233.1;NOV_Cry2Ab4_98.1_OTZ46143.1;NOV_Cry2Ab4_96.7_WP_087988140.1;NOV_Cry2Ab16_98.9_AKO73582.1;BT_Cry2Ab11;BT_Cry2Ab3;BT_Cry2Ab25;BT_Cry2Ab7;NOV_Cry2Ab15_99.6_ACZ64281.1;NOV_Cry2Ab4_98.6_OTY50446.1;NOV_Cry2Ab18_99.8_QBO24621.1;NOV_Cry2Ab18_98.2_AXE42970.1;BT_Cry2Ab13;BT_Cry2Ab27;BT_Cry2Ab24;BT_Cry2Ah2;BT_Cry2Ab19;BT_Cry2Ab6;BT_Cry2Ab5;NOV_Cry2Ab4_99.8_ABM21766.1;NOV_Cry2Ab16_99.8_AHM93475.1;BT_Cry2Ab15;BT_Cry2Ab30;BT_Cry2Ab21;BT_Cry2Ab18;BT_Cry2Ab29;BT_Cry2Ab9;NOV_Cry2Ab16_99.8_WP_042970268.1	32	BT_Cry2Ab15;NOV_Cry2Ab18_98.2_AXE42970.1;BT_Cry2Ab6;BT_Cry2Ab26;BT_Cry2Ab5;BT_Cry2Ab29;BT_Cry2Ab13;NOV_Cry2Ab4_98.3_WP_087988123.1;NOV_Cry2Ab16_96.7_AIW52614.1;BT_Cry2Ab4;BT_Cry2Ab30;NOV_Cry2Ab18_96.6_AXE42969.1;BT_Cry2Ab28;BT_Cry2Ab8;NOV_Cry2Ab18_96.8_AXE42968.1;NOV_Cry2Ab16_98.9_AKO73582.1;BT_Cry2Ab14;BT_Cry2Ab7;BT_Cry2Ab22;BT_Cry2Ab23;BT_Cry2Ah2;BT_Cry2Ab20;NOV_Cry2Ab16_99.8_AIE37434.1;NOV_Cry2Ab4_98.1_WP_087976771.1;BT_Cry2Ab9;BT_Cry2Ab19;NOV_Cry2Ab15_99.6_ACZ64281.1;BT_Cry2Ab25;BT_Cry2Ab11;NOV_Cry2Ab4_99.7_AUN50233.1;BT_Cry2Ab21;NOV_Cry2Ab4_99.8_ABM21766.1
BT_Cry2Ak1	Cry2Ak1		0	1	1	Cry2Ak1	BT_Cry2Ak1	1	BT_Cry2Ak1
BT_Cry3Aa10	Cry3Aa10	560	0	12	12	Cry3Aa4;Cry3Aa1;Cry3Aa2;Cry3Aa6;Cry3Aa12;Cry3Aa10;Cry3Aa7;Cry3Aa5;Cry3Aa9;Cry3Aa11;Cry3Aa8;Cry3Aa3	BT_Cry3Aa4;BT_Cry3Aa1;BT_Cry3Aa2;BT_Cry3Aa6;BT_Cry3Aa12;BT_Cry3Aa10;BT_Cry3Aa7;BT_Cry3Aa5;BT_Cry3Aa9;BT_Cry3Aa11;BT_Cry3Aa8;BT_Cry3Aa3	5	BT_Cry3Aa10;BT_Cry3Aa4;BT_Cry3Aa8;BT_Cry3Aa1;BT_Cry3Aa11
BT_Cry43Ca1	Cry43Ca1		0	1	1	Cry43Ca1	BT_Cry43Ca1	1	BT_Cry43Ca1
BT_Cry43Cb1	Cry43Cb1		0	1	1	Cry43Cb1	BT_Cry43Cb1	1	BT_Cry43Cb1
BT_Cry43Cc1	Cry43Cc1		0	1	1	Cry43Cc1	BT_Cry43Cc1	1	BT_Cry43Cc1
BT_Cry7Aa1	Cry7Aa1		0	1	1	Cry7Aa1	BT_Cry7Aa1	1	BT_Cry7Aa1
BT_Cry7Ab1	Cry7Ab1	560	0	9	9	Cry7Ab6;Cry7Ab3(99.8)_WP_086391486.1;Cry7Ab3;Cry7Ab8;Cry7Ab9;Cry7Ab1;Cry7Ab3(99.8)_OTZ77559.1(+);Cry7Ab2;Cry7Ab7	BT_Cry7Ab6;NOV_Cry7Ab3_99.8_WP_086391486.1;BT_Cry7Ab3;BT_Cry7Ab8;BT_Cry7Ab9;BT_Cry7Ab1;NOV_Cry7Ab3_99.8_OTZ77559.1;BT_Cry7Ab2;BT_Cry7Ab7	6	BT_Cry7Ab1;NOV_Cry7Ab3_99.8_WP_086391486.1;BT_Cry7Ab6;BT_Cry7Ab3;BT_Cry7Ab2;BT_Cry7Ab9
BT_Cry7Ac1	Cry7Ac1		0	1	1	Cry7Ac1	BT_Cry7Ac1	1	BT_Cry7Ac1
NOV_Cry2Ab4_93.2_AIT70915.1	Cry2Ab4(93.2)_AIT70915.1	560	0	2	1	Cry2Ab4(93.2)_AIT70915.1	NOV_Cry2Ab4_93.2_AIT70915.1	1	NOV_Cry2Ab4_93.2_AIT70915.1
NOV_Cry3Aa12_81.9_AEZ53144.1	Cry3Aa12(81.9)_AEZ53144.1	560	0	3	2	Cry3Aa12(81.9)_AEZ53144.1;Cry3Aa12(81.9)_AEZ53145.1	NOV_Cry3Aa12_81.9_AEZ53144.1;NOV_Cry3Aa12_81.9_AEZ53145.1	1	NOV_Cry3Aa12_81.9_AEZ53144.1
NOV_Cry1Ab18_92.4_AX383797.1	Cry1Ab18(92.4)_AAE49246.1	559	0	2	2	Cry1Ab12(88.3)_6DJ4_A;Cry1Ab18(92.4)_AAE49246.1	NOV_Cry1Ab12_88.3_6DJ4_A;NOV_Cry1Ab18_92.4_AX383797.1	1	NOV_Cry1Ab18_92.4_AX383797.1
NOV_Cry8Ca1_42.6_ABY46520.1	Cry8Ca1(42.6)_ABY46520.1		0	1	1	Cry8Ca1(42.6)_ABY46520.1	NOV_Cry8Ca1_42.6_ABY46520.1	1	NOV_Cry8Ca1_42.6_ABY46520.1
BT_Cry1Ab12	Cry1Ab12	556;559;558	3	64	53	Cry1Ab24;Cry1Ab13;Cry1Ab26;Cry1Af1;Cry1Ab12(98.7)_AAK14336.1;Cry1Ab12(99.4)_ABB72460.1;Cry1Ab12(99.9)_AEV45790.1;Cry1Ab35(99.6)_WP_087976760.1;Cry1Ab12;Cry1Ab21;Cry1Ab35(99.6)_OTW51788.1(-);Cry1Ab12(99.7)_1310234A;Cry1Ab29;Cry1Ab16;Cry1Ab27;Cry1Ae1;Cry1Ab14;Cry1Ae1(99.9)_AND11141.1(-);Cry1Ab15;Cry1Ab7;Cry1Ab11;Cry1Ab35(99.6)_OTZ48347.1(+);Cry1Ae1(99.9)_AND11141.1;Cry1Ab18;Cry1Ab12(99.9)_AAZ06794.1;Cry1Ab31;Cry1Ab25;Cry1Ab35(99.9)_OTY90981.1(+);Cry1Ab34;Cry1Ab8;Cry1Ab5;Cry1Ab19;Cry1Ab3;Cry1Ab35(99.9)_WP_103595476.1;Cry1Ab17;Cry1Ab12(99.5)_ACB05714.1;Cry1Ab23;Cry1Ab12(99.3)_ACU65107.1;Cry1Ab9;Cry1Ab12(99.9)_OTZ08639.1;Cry1Ab22;Cry1Ab4;Cry1Ab6;Cry1Ab35(99.9)_WP_088010490.1;Cry1Ab12(98.5)_AGI21848.1;Cry1Ab12(99.7)_ALJ10947.1;Cry1Ab32;Cry1Ae1(99.9)_WP_063676659.1;Cry1Ab33;Cry1Ab12(99.5)_ACU65108.1;Cry1Ab30;Cry1Ab35;Cry1Ab35(99.7)_AQZ26549.1;Cry1Ab1	BT_Cry1Ab24;BT_Cry1Ab13;BT_Cry1Ab26;BT_Cry1Af1;NOV_Cry1Ab12_98.7_AAK14336.1;NOV_Cry1Ab12_99.4_ABB72460.1;NOV_Cry1Ab12_99.9_AEV45790.1;NOV_Cry1Ab35_99.6_WP_087976760.1;BT_Cry1Ab12;BT_Cry1Ab21;NOV_Cry1Ab35_99.6_OTW51788.1;NOV_Cry1Ab12_99.7_1310234A;BT_Cry1Ab29;BT_Cry1Ab16;BT_Cry1Ab27;BT_Cry1Ae1;BT_Cry1Ab14;NOV_Cry1Ae1_99.9_AND11141.1;BT_Cry1Ab15;BT_Cry1Ab7;BT_Cry1Ab11;NOV_Cry1Ab35_99.6_OTZ48347.1;NOV_Cry1Ae1_99.9_AND11141.1;BT_Cry1Ab18;NOV_Cry1Ab12_99.9_AAZ06794.1;BT_Cry1Ab31;BT_Cry1Ab25;NOV_Cry1Ab35_99.9_OTY90981.1;BT_Cry1Ab34;BT_Cry1Ab8;BT_Cry1Ab5;BT_Cry1Ab19;BT_Cry1Ab3;NOV_Cry1Ab35_99.9_WP_103595476.1;BT_Cry1Ab17;NOV_Cry1Ab12_99.5_ACB05714.1;BT_Cry1Ab23;NOV_Cry1Ab12_99.3_ACU65107.1;BT_Cry1Ab9;NOV_Cry1Ab12_99.9_OTZ08639.1;BT_Cry1Ab22;BT_Cry1Ab4;BT_Cry1Ab6;NOV_Cry1Ab35_99.9_WP_088010490.1;NOV_Cry1Ab12_98.5_AGI21848.1;NOV_Cry1Ab12_99.7_ALJ10947.1;BT_Cry1Ab32;NOV_Cry1Ae1_99.9_WP_063676659.1;BT_Cry1Ab33;NOV_Cry1Ab12_99.5_ACU65108.1;BT_Cry1Ab30;BT_Cry1Ab35;NOV_Cry1Ab35_99.7_AQZ26549.1;BT_Cry1Ab1	30	BT_Cry1Ab12;NOV_Cry1Ab12_99.9_AEV45790.1;NOV_Cry1Ab12_98.5_AGI21848.1;NOV_Cry1Ae1_99.9_WP_063676659.1;NOV_Cry1Ab12_99.3_ACU65107.1;BT_Cry1Ab16;BT_Cry1Ab8;NOV_Cry1Ab12_99.5_ACU65108.1;NOV_Cry1Ab12_99.5_ACB05714.1;BT_Cry1Ab27;BT_Cry1Ab31;BT_Cry1Ab33;BT_Cry1Ab30;BT_Cry1Ab26;BT_Cry1Ab17;BT_Cry1Ab22;BT_Cry1Ab19;BT_Cry1Ab32;NOV_Cry1Ab12_98.7_AAK14336.1;BT_Cry1Ae1;BT_Cry1Ab7;NOV_Cry1Ab12_99.9_OTZ08639.1;BT_Cry1Ab6;BT_Cry1Ab24;NOV_Cry1Ae1_99.9_AND11141.1;BT_Cry1Ab34;BT_Cry1Ab21;BT_Cry1Af1;BT_Cry1Ab18;NOV_Cry1Ab12_99.7_ALJ10947.1
BT_Cry1Ah2	Cry1Ah2	559	0	4	3	Cry1Ah3(99.7)_AAQ14326.1;Cry1Ah2;Cry1Ah3	NOV_Cry1Ah3_99.7_AAQ14326.1;BT_Cry1Ah2;BT_Cry1Ah3	1	BT_Cry1Ah2
BT_Cry1Ai1	Cry1Ai1	559	0	4	3	Cry1Ai2;Cry1Ai1;Cry1Ai1(99.7)_AAS93796.1	BT_Cry1Ai2;BT_Cry1Ai1;NOV_Cry1Ai1_99.7_AAS93796.1	1	BT_Cry1Ai1
BT_Cry2Aa13	Cry2Aa13	559	0	25	20	Cry2Aa8;Cry2Aa1(99.4)_AIE37446.1(-);Cry2Aa5;Cry2Aa1(97.8)_ALV82138.1;Cry2Aa1(99.8)_CAD32378.1;Cry2Aa1(99.4)_WP_042970272.1;Cry2Aa17;Cry2Aa15;Cry2Aa10;Cry2Aa9;Cry2Aa1;Cry2Aa1(99.4)_AIE37446.1;Cry2Aa1(99.2)_AJA30268.1;Cry2Aa1(99.8)_ANF99565.1;Cry2Aa6;Cry2Aa2;Cry2Aa16;Cry2Aa1(99.8)_AYN72234.1;Cry2Aa14;Cry2Aa13;Cry2Aa4	BT_Cry2Aa8;NOV_Cry2Aa1_99.4_AIE37446.1;BT_Cry2Aa5;NOV_Cry2Aa1_97.8_ALV82138.1;NOV_Cry2Aa1_99.8_CAD32378.1;NOV_Cry2Aa1_99.4_WP_042970272.1;BT_Cry2Aa17;BT_Cry2Aa15;BT_Cry2Aa10;BT_Cry2Aa9;BT_Cry2Aa1;NOV_Cry2Aa1_99.4_AIE37446.1;NOV_Cry2Aa1_99.2_AJA30268.1;NOV_Cry2Aa1_99.8_ANF99565.1;BT_Cry2Aa6;BT_Cry2Aa2;BT_Cry2Aa16;NOV_Cry2Aa1_99.8_AYN72234.1;BT_Cry2Aa14;BT_Cry2Aa13;BT_Cry2Aa4	14	BT_Cry2Aa13;NOV_Cry2Aa1_99.8_AYN72234.1;BT_Cry2Aa10;BT_Cry2Aa16;BT_Cry2Aa6;BT_Cry2Aa15;BT_Cry2Aa14;NOV_Cry2Aa1_97.8_ALV82138.1;NOV_Cry2Aa1_99.8_CAD32378.1;BT_Cry2Aa5;BT_Cry2Aa8;BT_Cry2Aa17;NOV_Cry2Aa1_99.2_AJA30268.1;NOV_Cry2Aa1_99.4_AIE37446.1
BT_Cry2Ab12	Cry2Ab12		0	1	1	Cry2Ab12	BT_Cry2Ab12	1	BT_Cry2Ab12
BT_Cry2Ad5	Cry2Ad5	558;492	66	14	10	Cry2Ad4;Cry2Ad1(99.1)_AYW33782.1;Cry2Ad1(99.8)_ABB55273.1;Cry2Ad2(98.1)_EXY05362.1(-);Cry2Ad2(98.1)_ADB88767.1;Cry2Ad1;Cry2Ad5;Cry2Ad1(99.7)_WP_103595482.1;Cry2Ad2(98.1)_EXY05362.1;Cry2Ad3;Cry2Ad2	BT_Cry2Ad4;NOV_Cry2Ad1_99.1_AYW33782.1;NOV_Cry2Ad1_99.8_ABB55273.1;NOV_Cry2Ad2_98.1_EXY05362.1;NOV_Cry2Ad2_98.1_ADB88767.1;BT_Cry2Ad1;BT_Cry2Ad5;NOV_Cry2Ad1_99.7_WP_103595482.1;NOV_Cry2Ad2_98.1_EXY05362.1;BT_Cry2Ad3;BT_Cry2Ad2	6	BT_Cry2Ad5;BT_Cry2Ad4;BT_Cry2Ad3;NOV_Cry2Ad1_99.7_WP_103595482.1;NOV_Cry2Ad1_99.8_ABB55273.1;NOV_Cry2Ad1_99.1_AYW33782.1
BT_Cry2Ai1	Cry2Ai1		0	1	1	Cry2Ai1	BT_Cry2Ai1	1	BT_Cry2Ai1
BT_Cry2Al1	Cry2Al1		0	1	1	Cry2Al1	BT_Cry2Al1	1	BT_Cry2Al1
NOV_Cry21Aa2_44.6_AZR80772.1	Cry21Aa2(44.6)_AZR80772.1(-)	559	0	3	2	Cry21Aa2(44.6)_AZR80772.1(-);Cry21Aa2(44.6)_WP_127064390.1;Cry21Aa2(44.6)_AZR80772.1	NOV_Cry21Aa2_44.6_AZR80772.1;NOV_Cry21Aa2_44.6_WP_127064390.1;NOV_Cry21Aa2_44.6_AZR80772.1	1	NOV_Cry21Aa2_44.6_AZR80772.1
NOV_Cry1Ab32_92.7_AAK14337.1	Cry1Ab32(92.7)_AAK14337.1	559	0	2	1	Cry1Ab32(92.7)_AAK14337.1	NOV_Cry1Ab32_92.7_AAK14337.1	1	NOV_Cry1Ab32_92.7_AAK14337.1
NOV_Cry10Aa1_97.0_ABW89733.1	Cry10Aa1(97.0)_ABW89733.1	559;558	1	9	6	Cry10Aa4;Cry10Aa1(97.0)_ABW89733.1;Cry10Aa1(98.2)_ABW89732.1;Cry10Aa1(98.2)_ABW89731.1;Cry10Aa3;Cry10Aa1	BT_Cry10Aa4;NOV_Cry10Aa1_97.0_ABW89733.1;NOV_Cry10Aa1_98.2_ABW89732.1;NOV_Cry10Aa1_98.2_ABW89731.1;BT_Cry10Aa3;BT_Cry10Aa1	4	NOV_Cry10Aa1_97.0_ABW89733.1;BT_Cry10Aa4;NOV_Cry10Aa1_98.2_ABW89732.1;NOV_Cry10Aa1_98.2_ABW89731.1
NOV_Cry1Ab12_91.4_AAK14338.1	Cry1Ab12(91.4)_AAK14338.1	559	0	2	1	Cry1Ab12(91.4)_AAK14338.1	NOV_Cry1Ab12_91.4_AAK14338.1	1	NOV_Cry1Ab12_91.4_AAK14338.1
NOV_Cry52Ca1_62.9_AZJ24464.1	Cry52Ca1(62.9)_AZJ24464.1		0	1	1	Cry52Ca1(62.9)_AZJ24464.1	NOV_Cry52Ca1_62.9_AZJ24464.1	1	NOV_Cry52Ca1_62.9_AZJ24464.1
BT_Cry18Aa1	Cry18Aa1		0	1	1	Cry18Aa1	BT_Cry18Aa1	1	BT_Cry18Aa1
BT_Cry1Aa10	Cry1Aa10	558	0	41	33	Cry1Aa2;Cry1Aa17;Cry1Aa20;Cry1Aa12(99.7)_AEB21634.1;Cry1Aa19;Cry1Aa18;Cry1Aa5(99.9)_2013214A;Cry1Aa24;Cry1Aa4(99.7)_1304168B;Cry1Aa11(99.8)_AER40296.1;Cry1Aa1;Cry1Aa9;Cry1Aa12(99.9)_OUA40850.1;Cry1Aa3;Cry1Aa12(99.9)_OUA35577.1(-);Cry1Aa12(99.9)_OUA16321.1;Cry1Aa6;Cry1Aa12(99.5)_AFX69046.1;Cry1Aa11(99.9)_AIE37439.1(+);Cry1Aa11(99.9)_WP_042970271.1;Cry1Aa12(99.8)_AGC03212.1;Cry1Aa12;Cry1Aa5;Cry1Aa11;Cry1Aa11(99.9)_AIE37439.1;Cry1Aa7;Cry1Aa12(99.9)_OUA40850.1(+);Cry1Aa11(99.8)_ADD14591.1;Cry1Aa13;Cry1Aa10;Cry1Aa14;Cry1Aa12(99.9)_1409195A;Cry1Aa15;Cry1Aa12(99.9)_OUA35577.1;Cry1Aa21;Cry1Aa4	BT_Cry1Aa2;BT_Cry1Aa17;BT_Cry1Aa20;NOV_Cry1Aa12_99.7_AEB21634.1;BT_Cry1Aa19;BT_Cry1Aa18;NOV_Cry1Aa5_99.9_2013214A;BT_Cry1Aa24;NOV_Cry1Aa4_99.7_1304168B;NOV_Cry1Aa11_99.8_AER40296.1;BT_Cry1Aa1;BT_Cry1Aa9;NOV_Cry1Aa12_99.9_OUA40850.1;BT_Cry1Aa3;NOV_Cry1Aa12_99.9_OUA35577.1;NOV_Cry1Aa12_99.9_OUA16321.1;BT_Cry1Aa6;NOV_Cry1Aa12_99.5_AFX69046.1;NOV_Cry1Aa11_99.9_AIE37439.1;NOV_Cry1Aa11_99.9_WP_042970271.1;NOV_Cry1Aa12_99.8_AGC03212.1;BT_Cry1Aa12;BT_Cry1Aa5;BT_Cry1Aa11;NOV_Cry1Aa11_99.9_AIE37439.1;BT_Cry1Aa7;NOV_Cry1Aa12_99.9_OUA40850.1;NOV_Cry1Aa11_99.8_ADD14591.1;BT_Cry1Aa13;BT_Cry1Aa10;BT_Cry1Aa14;NOV_Cry1Aa12_99.9_1409195A;BT_Cry1Aa15;NOV_Cry1Aa12_99.9_OUA35577.1;BT_Cry1Aa21;BT_Cry1Aa4	17	BT_Cry1Aa10;NOV_Cry1Aa12_99.5_AFX69046.1;NOV_Cry1Aa12_99.9_OUA40850.1;NOV_Cry1Aa12_99.7_AEB21634.1;BT_Cry1Aa1;NOV_Cry1Aa11_99.9_AIE37439.1;NOV_Cry1Aa11_99.8_AER40296.1;BT_Cry1Aa2;NOV_Cry1Aa11_99.8_ADD14591.1;NOV_Cry1Aa12_99.8_AGC03212.1;BT_Cry1Aa20;BT_Cry1Aa14;BT_Cry1Aa21;BT_Cry1Aa24;BT_Cry1Aa7;BT_Cry1Aa17;BT_Cry1Aa15
BT_Cry1Ad1	Cry1Ad1	558	0	5	4	Cry1Ad2(99.7)_WP_106001068.1;Cry1Ad2;Cry1Aa12(95.9)_ETF00019.1(-);Cry1Ad1;Cry1Aa12(95.9)_ETF00019.1	NOV_Cry1Ad2_99.7_WP_106001068.1;BT_Cry1Ad2;NOV_Cry1Aa12_95.9_ETF00019.1;BT_Cry1Ad1;NOV_Cry1Aa12_95.9_ETF00019.1	2	BT_Cry1Ad1;BT_Cry1Ad2
BT_Cry1Ag1	Cry1Ag1		0	1	1	Cry1Ag1	BT_Cry1Ag1	1	BT_Cry1Ag1
BT_Cry2Ah3	Cry2Ah3	556;558	2	7	6	Cry2Ah4(96.0)_ACQ99192.1;Cry2Ah3;Cry2Ah1;Cry2Ah5;Cry2Ah3(98.9)_ABU37567.1;Cry2Ah4	NOV_Cry2Ah4_96.0_ACQ99192.1;BT_Cry2Ah3;BT_Cry2Ah1;BT_Cry2Ah5;NOV_Cry2Ah3_98.9_ABU37567.1;BT_Cry2Ah4	5	BT_Cry2Ah3;BT_Cry2Ah1;NOV_Cry2Ah3_98.9_ABU37567.1;BT_Cry2Ah5;NOV_Cry2Ah4_96.0_ACQ99192.1
BT_Cry40Da1	Cry40Da1		0	1	1	Cry40Da1	BT_Cry40Da1	1	BT_Cry40Da1
BT_Cry7Ha1	Cry7Ha1	558	0	4	3	Cry7Ha1(99.5)_ADA48966.1;Cry7Ha1(99.2)_AGM39663.1;Cry7Ha1	NOV_Cry7Ha1_99.5_ADA48966.1;NOV_Cry7Ha1_99.2_AGM39663.1;BT_Cry7Ha1	1	BT_Cry7Ha1
NOV_Cry2Ah2_92.7_AX098631.1	Cry2Ah2(92.7)_AAQ52362.1		0	1	1	Cry2Ah2(92.7)_AAQ52362.1	NOV_Cry2Ah2_92.7_AX098631.1	1	NOV_Cry2Ah2_92.7_AX098631.1
NOV_Cry1Ad2_87.7_AIW52617.1	Cry1Ad2(87.7)_AIW52617.1	558	0	2	1	Cry1Ad2(87.7)_AIW52617.1	NOV_Cry1Ad2_87.7_AIW52617.1	1	NOV_Cry1Ad2_87.7_AIW52617.1
NOV_Cry10Aa1_97.2_ABW89735.1	Cry10Aa1(97.2)_ABW89735.1	558	0	4	2	Cry10Aa1(97.2)_ABW89735.1;Cry10Aa1(98.2)_ABW89734.1	NOV_Cry10Aa1_97.2_ABW89735.1;NOV_Cry10Aa1_98.2_ABW89734.1	1	NOV_Cry10Aa1_97.2_ABW89735.1
NOV_Cry40Da1_65.0_CAH33957.1	Cry40Da1(65.0)_CAH33957.1	558	0	2	2	Cry40Da1(65.0)_CAH33957.1;Cry40Da1(65.0)_CAH33958.1	NOV_Cry40Da1_65.0_CAH33957.1;NOV_Cry40Da1_65.0_CAH33958.1	1	NOV_Cry40Da1_65.0_CAH33957.1
NOV_Cry1Ia24_22.2_CAP40039.1	Cry1Ia24(22.2)_CAP40039.1	558	0	3	3	Cry1Ia24(22.2)_CAP40039.1;Cry21Ga1(30.5)_CAP40037.1;Cry21Ga1(30.1)_CAP40038.1	NOV_Cry1Ia24_22.2_CAP40039.1;NOV_Cry21Ga1_30.5_CAP40037.1;NOV_Cry21Ga1_30.1_CAP40038.1	1	NOV_Cry1Ia24_22.2_CAP40039.1
BT_Cry19Ca1	Cry19Ca1		0	1	1	Cry19Ca1	BT_Cry19Ca1	1	BT_Cry19Ca1
BT_Cry21Ga1	Cry21Ga1		0	1	1	Cry21Ga1	BT_Cry21Ga1	1	BT_Cry21Ga1
NOV_Cry19Ba1_74.0_AGV55021.1	Cry19Ba1(74.0)_AGV55021.1	557	0	2	1	Cry19Ba1(74.0)_AGV55021.1	NOV_Cry19Ba1_74.0_AGV55021.1	1	NOV_Cry19Ba1_74.0_AGV55021.1
NOV_Cry10Aa1_94.4_ABW89736.1	Cry10Aa1(94.4)_ABW89736.1	557	0	2	1	Cry10Aa1(94.4)_ABW89736.1	NOV_Cry10Aa1_94.4_ABW89736.1	1	NOV_Cry10Aa1_94.4_ABW89736.1
BT_Cry19Ba1	Cry19Ba1		0	1	1	Cry19Ba1	BT_Cry19Ba1	1	BT_Cry19Ba1
BT_Cry1Na1	Cry1Na1	556	0	3	3	Cry1Na2;Cry1Na3;Cry1Na1	BT_Cry1Na2;BT_Cry1Na3;BT_Cry1Na1	1	BT_Cry1Na1
BT_Cry52Ca1	Cry52Ca1		0	1	1	Cry52Ca1	BT_Cry52Ca1	1	BT_Cry52Ca1
BT_Cry53Aa1	Cry53Aa1		0	1	1	Cry53Aa1	BT_Cry53Aa1	1	BT_Cry53Aa1
BT_Cry53Ab1	Cry53Ab1	556	0	4	3	Cry53Ab1(99.7)_WP_014990538.1;Cry53Ab1(99.7)_AFU17354.1;Cry53Ab1(99.7)_AFU17354.1(-);Cry53Ab1	NOV_Cry53Ab1_99.7_WP_014990538.1;NOV_Cry53Ab1_99.7_AFU17354.1;NOV_Cry53Ab1_99.7_AFU17354.1;BT_Cry53Ab1	1	BT_Cry53Ab1
BT_Cry5Da1	Cry5Da1	556	0	2	2	Cry5Da2;Cry5Da1	BT_Cry5Da2;BT_Cry5Da1	1	BT_Cry5Da1
NOV_Cry24Aa1_60.8_BAD32657.1	Cry24Aa1(60.8)_BAD32657.1	556	0	2	1	Cry24Aa1(60.8)_BAD32657.1	NOV_Cry24Aa1_60.8_BAD32657.1	1	NOV_Cry24Aa1_60.8_BAD32657.1
BT_Cry1Fa1	Cry1Fa1	555	0	5	5	Cry1Fa2;Cry1Fa3;Cry1Fa1;Cry1Fa4;Cry1Ib5	BT_Cry1Fa2;BT_Cry1Fa3;BT_Cry1Fa1;BT_Cry1Fa4;BT_Cry1Ib5	3	BT_Cry1Fa1;BT_Cry1Fa4;BT_Cry1Fa3
BT_Cry40Ca1	Cry40Ca1		0	1	1	Cry40Ca1	BT_Cry40Ca1	1	BT_Cry40Ca1
BT_Cry4Ca1	Cry4Ca1	555	0	10	9	Cry4Cc1(99.4)_AFU17015.1;Cry4Ca1;Cry4Cb1;Cry4Ca2;Cry4Cc1(99.4)_AFU17015.1(+);Cry4Cb3(99.9)_WP_080990953.1;Cry4Cc1;Cry4Cb2;Cry4Cb3;Cry4Cc1(99.4)_WP_001089760.1	NOV_Cry4Cc1_99.4_AFU17015.1;BT_Cry4Ca1;BT_Cry4Cb1;BT_Cry4Ca2;NOV_Cry4Cc1_99.4_AFU17015.1;NOV_Cry4Cb3_99.9_WP_080990953.1;BT_Cry4Cc1;BT_Cry4Cb2;BT_Cry4Cb3;NOV_Cry4Cc1_99.4_WP_001089760.1	7	BT_Cry4Ca1;BT_Cry4Cb1;BT_Cry4Cc1;NOV_Cry4Cb3_99.9_WP_080990953.1;NOV_Cry4Cc1_99.4_AFU17015.1;BT_Cry4Ca2;BT_Cry4Cb2
BT_Cry1Cb1	Cry1Cb1	555	0	2	2	Cry1Cb2;Cry1Cb1	BT_Cry1Cb2;BT_Cry1Cb1	1	BT_Cry1Cb1
NOV_Cry32Hb1_41.4_AQX37181.1	Cry32Hb1(41.4)_AQX37181.1	555	0	2	1	Cry32Hb1(41.4)_AQX37181.1	NOV_Cry32Hb1_41.4_AQX37181.1	1	NOV_Cry32Hb1_41.4_AQX37181.1
NOV_Cry40Da1_81.5_AIN76756.1	Cry40Da1(81.5)_AIN76756.1	555	0	2	1	Cry40Da1(81.5)_AIN76756.1	NOV_Cry40Da1_81.5_AIN76756.1	1	NOV_Cry40Da1_81.5_AIN76756.1
NOV_Cry53Ab1_39.4_AFM37573.1	Cry53Ab1(39.4)_AFM37573.1	555	0	2	1	Cry53Ab1(39.4)_AFM37573.1	NOV_Cry53Ab1_39.4_AFM37573.1	1	NOV_Cry53Ab1_39.4_AFM37573.1
NOV_Cry40Da1_77.3_ARJ25823.1	Cry40Da1(77.3)_ARJ25823.1		0	1	1	Cry40Da1(77.3)_ARJ25823.1	NOV_Cry40Da1_77.3_ARJ25823.1	1	NOV_Cry40Da1_77.3_ARJ25823.1
BT_Cry1A-like	Cry1A-like		0	1	1	Cry1A-like	BT_Cry1A-like	1	BT_Cry1A-like
NOV_Cry40Da1_66.9_PEU78339.1	Cry40Da1(66.9)_PEU78339.1(+)	554	0	6	6	Cry40Da1(66.9)_PGY64101.1(+);Cry40Da1(66.9)_WP_098223478.1;Cry40Da1(66.9)_PFW17822.1(+);Cry40Da1(66.9)_PFH98146.1(+);Cry40Da1(66.9)_PER55269.1(-);Cry40Da1(66.9)_PEU78339.1(+)	NOV_Cry40Da1_66.9_PGY64101.1;NOV_Cry40Da1_66.9_WP_098223478.1;NOV_Cry40Da1_66.9_PFW17822.1;NOV_Cry40Da1_66.9_PFH98146.1;NOV_Cry40Da1_66.9_PER55269.1;NOV_Cry40Da1_66.9_PEU78339.1	1	NOV_Cry40Da1_66.9_PEU78339.1
NOV_Cry24Aa1_98.3_WP_086403584.1	Cry24Aa1(98.3)_WP_086403584.1	553	0	2	2	Cry24Aa1(98.3)_WP_086403584.1;Cry24Aa1	NOV_Cry24Aa1_98.3_WP_086403584.1;BT_Cry24Aa1	1	NOV_Cry24Aa1_98.3_WP_086403584.1
BT_Cry1Fb1	Cry1Fb1	553	0	13	12	Cry1Fb3;Cry1Fb5;Cry1Fb6;Cry1Fb4(99.8)_AMR88428.1(-);Cry1Fb3(99.9)_PNK40066.1(+);Cry1Fb4(99.8)_AMR88428.1;Cry1Fb1;Cry1Fb4;Cry1Fb2;Cry1Fb3(99.9)_WP_102981975.1;Cry1Fb4(99.8)_OTZ39194.1(-);Cry1Fb4(99.8)_WP_062804551.1;Cry1Fb7	BT_Cry1Fb3;BT_Cry1Fb5;BT_Cry1Fb6;NOV_Cry1Fb4_99.8_AMR88428.1;NOV_Cry1Fb3_99.9_PNK40066.1;NOV_Cry1Fb4_99.8_AMR88428.1;BT_Cry1Fb1;BT_Cry1Fb4;BT_Cry1Fb2;NOV_Cry1Fb3_99.9_WP_102981975.1;NOV_Cry1Fb4_99.8_OTZ39194.1;NOV_Cry1Fb4_99.8_WP_062804551.1;BT_Cry1Fb7	4	BT_Cry1Fb1;NOV_Cry1Fb3_99.9_WP_102981975.1;BT_Cry1Fb3;BT_Cry1Fb6
BT_Cry20Aa1	Cry20Aa1		0	1	1	Cry20Aa1	BT_Cry20Aa1	1	BT_Cry20Aa1
BT_Cry7Ka1	Cry7Ka1		0	1	1	Cry7Ka1	BT_Cry7Ka1	1	BT_Cry7Ka1
NOV_Cry29Aa1_96.4_OUC03129.1	Cry29Aa1(96.4)_OUC03129.1(+)	553	0	3	2	Cry29Aa1(96.4)_OUC03129.1(+);Cry29Aa1(96.4)_WP_088065834.1;Cry29Aa1(96.4)_OUC03129.1	NOV_Cry29Aa1_96.4_OUC03129.1;NOV_Cry29Aa1_96.4_WP_088065834.1;NOV_Cry29Aa1_96.4_OUC03129.1	1	NOV_Cry29Aa1_96.4_OUC03129.1
NOV_Cry43Cb1_38.6_AGV55020.1	Cry43Cb1(38.6)_AGV55020.1	553	0	2	1	Cry43Cb1(38.6)_AGV55020.1	NOV_Cry43Cb1_38.6_AGV55020.1	1	NOV_Cry43Cb1_38.6_AGV55020.1
BT_Cry1Nb1	Cry1Nb1		0	1	1	Cry1Nb1	BT_Cry1Nb1	1	BT_Cry1Nb1
BT_Cry2Af1	Cry2Af1	552	0	2	2	Cry2Af1;Cry2Af2	BT_Cry2Af1;BT_Cry2Af2	1	BT_Cry2Af1
BT_Cry43Aa1	Cry43Aa1	552	0	2	2	Cry43Aa2;Cry43Aa1	BT_Cry43Aa2;BT_Cry43Aa1	1	BT_Cry43Aa1
BT_Cry70Ba1	Cry70Ba1	552	0	10	9	Cry70Ba1(97.3)_PER34669.1(+);Cry70Ba1(98.6)_WP_000162158.1;Cry70Ba1(97.3)_WP_098223779.1;Cry70Ba1(97.3)_PFI06834.1(-);Cry70Ba1(98.6)_AFU17024.1(-);Cry70Ba1(98.6)_AFU17024.1;Cry70Ba1(97.3)_PGY64190.1(-);Cry70Ba1(97.3)_PFW18565.1(-);Cry70Ba1(97.3)_PEU74801.1(+);Cry70Ba1	NOV_Cry70Ba1_97.3_PER34669.1;NOV_Cry70Ba1_98.6_WP_000162158.1;NOV_Cry70Ba1_97.3_WP_098223779.1;NOV_Cry70Ba1_97.3_PFI06834.1;NOV_Cry70Ba1_98.6_AFU17024.1;NOV_Cry70Ba1_98.6_AFU17024.1;NOV_Cry70Ba1_97.3_PGY64190.1;NOV_Cry70Ba1_97.3_PFW18565.1;NOV_Cry70Ba1_97.3_PEU74801.1;BT_Cry70Ba1	3	BT_Cry70Ba1;NOV_Cry70Ba1_97.3_PER34669.1;NOV_Cry70Ba1_98.6_WP_000162158.1
BT_Cry70Bb1	Cry70Bb1	552	0	3	2	Cry70Bb1(98.6)_AGU12794.1;Cry70Bb1	NOV_Cry70Bb1_98.6_AGU12794.1;BT_Cry70Bb1	1	BT_Cry70Bb1
BT_Cry7Kb1	Cry7Kb1		0	1	1	Cry7Kb1	BT_Cry7Kb1	1	BT_Cry7Kb1
NOV_Cry1Ga1_77.9_AX098669.1	Cry1Ga1(77.9)_AAQ52381.1		0	1	1	Cry1Ga1(77.9)_AAQ52381.1	NOV_Cry1Ga1_77.9_AX098669.1	1	NOV_Cry1Ga1_77.9_AX098669.1
NOV_Cry1Ea10_93.2_AAX86871.1	Cry1Ea10(93.2)_AAX86871.1	552	0	2	1	Cry1Ea10(93.2)_AAX86871.1	NOV_Cry1Ea10_93.2_AAX86871.1	1	NOV_Cry1Ea10_93.2_AAX86871.1
BT_Cry1Ea10	Cry1Ea10	551	0	19	15	Cry1Ea7;Cry1Ea11(97.9)_AGZ85202.1;Cry1Ea5;Cry1Ea4;Cry1Ea6;Cry1Ea11(98.2)_WP_060852703.1;Cry1Ea10;Cry1Ea3;Cry1Ea11;Cry1Ea2;Cry1Ea1;Cry1Ea11(98.2)_BAR87554.1(-);Cry1Ea9;Cry1Ea11(98.1)_AEV45789.1;Cry1Ea11(99.7)_ABX11258.1;Cry1Ea11(98.2)_BAR87554.1	BT_Cry1Ea7;NOV_Cry1Ea11_97.9_AGZ85202.1;BT_Cry1Ea5;BT_Cry1Ea4;BT_Cry1Ea6;NOV_Cry1Ea11_98.2_WP_060852703.1;BT_Cry1Ea10;BT_Cry1Ea3;BT_Cry1Ea11;BT_Cry1Ea2;BT_Cry1Ea1;NOV_Cry1Ea11_98.2_BAR87554.1;BT_Cry1Ea9;NOV_Cry1Ea11_98.1_AEV45789.1;NOV_Cry1Ea11_99.7_ABX11258.1;NOV_Cry1Ea11_98.2_BAR87554.1	5	BT_Cry1Ea10;BT_Cry1Ea7;BT_Cry1Ea2;BT_Cry1Ea4;NOV_Cry1Ea11_97.9_AGZ85202.1
BT_Cry39Aa1	Cry39Aa1		0	1	1	Cry39Aa1	BT_Cry39Aa1	1	BT_Cry39Aa1
BT_Cry43Ba1	Cry43Ba1		0	1	1	Cry43Ba1	BT_Cry43Ba1	1	BT_Cry43Ba1
BT_Cry59Aa1	Cry59Aa1		0	1	1	Cry59Aa1	BT_Cry59Aa1	1	BT_Cry59Aa1
NOV_Cry8Ma3_96.0_ATY50149.1	Cry8Ma3(96.0)_ATY50149.1	551;481;550	70	5	4	Cry8Ma3(96.0)_ATY50149.1;Cry8Ma2;Cry8Ma3;Cry8Ma2(95.6)_WP_116777665.1	NOV_Cry8Ma3_96.0_ATY50149.1;BT_Cry8Ma2;BT_Cry8Ma3;NOV_Cry8Ma2_95.6_WP_116777665.1	2	NOV_Cry8Ma3_96.0_ATY50149.1;BT_Cry8Ma2
NOV_Cry2Ak1_76.8_AX513524.1	Cry2Ak1(76.8)_ABU37568.1		0	1	1	Cry2Ak1(76.8)_ABU37568.1	NOV_Cry2Ak1_76.8_AX513524.1	1	NOV_Cry2Ak1_76.8_AX513524.1
BT_Cry1Eb1	Cry1Eb1	550	0	2	2	Cry1Eb1;Cry1Eb1(99.7)_CAA01879.1	BT_Cry1Eb1;NOV_Cry1Eb1_99.7_CAA01879.1	1	BT_Cry1Eb1
BT_Cry20Ba2	Cry20Ba2	549	0	2	2	Cry20Ba1;Cry20Ba2	BT_Cry20Ba1;BT_Cry20Ba2	1	BT_Cry20Ba2
BT_Cry7Ia1	Cry7Ia1	550	0	5	3	Cry7Ia1(99.9)_AEH76815.1;Cry7Ia1(99.9)_ARV91400.1;Cry7Ia1	NOV_Cry7Ia1_99.9_AEH76815.1;NOV_Cry7Ia1_99.9_ARV91400.1;BT_Cry7Ia1	2	BT_Cry7Ia1;NOV_Cry7Ia1_99.9_AEH76815.1
NOV_Cry20Ba2_80.0_AGV55017.1	Cry20Ba2(80.0)_AGV55017.1	550	0	2	1	Cry20Ba2(80.0)_AGV55017.1	NOV_Cry20Ba2_80.0_AGV55017.1	1	NOV_Cry20Ba2_80.0_AGV55017.1
BT_Cry16Aa1	Cry16Aa1		0	1	1	Cry16Aa1	BT_Cry16Aa1	1	BT_Cry16Aa1
BT_Cry1Gb1	Cry1Gb1	549	0	10	10	Cry1Gb2(99.9)_OTY56195.1(-);Cry1Gb2(99.8)_WP_087976728.1;Cry1Gb2(99.9)_EXY04468.1(+);Cry1Gb1;Cry1Gb2(99.9)_WP_087988129.1;Cry1Gb2(99.9)_OTY84534.1(+);Cry1Gb2;Cry1Gb2(99.8)_OTZ63029.1(+);Cry1Gb2(99.8)_OTW53896.1(-);Cry1Gb2(99.9)_WP_033698688.1	NOV_Cry1Gb2_99.9_OTY56195.1;NOV_Cry1Gb2_99.8_WP_087976728.1;NOV_Cry1Gb2_99.9_EXY04468.1;BT_Cry1Gb1;NOV_Cry1Gb2_99.9_WP_087988129.1;NOV_Cry1Gb2_99.9_OTY84534.1;BT_Cry1Gb2;NOV_Cry1Gb2_99.8_OTZ63029.1;NOV_Cry1Gb2_99.8_OTW53896.1;NOV_Cry1Gb2_99.9_WP_033698688.1	3	BT_Cry1Gb1;NOV_Cry1Gb2_99.9_OTY56195.1;BT_Cry1Gb2
BT_Cry2Ac10	Cry2Ac10	546;549;548	3	15	14	Cry2Ac6(99.4)_AUN50234.1;Cry2Ac5;Cry2Ac10;Cry2Ac6(99.7)_ACA52278.1;Cry2Ac8;Cry2Ac12;Cry2Ac1;Cry2Ac6(99.8)_AAQ52385.1;Cry2Ac11;Cry2Ac4;Cry2Ac7;Cry2Ac6;Cry2Ac2;Cry2Ac9	NOV_Cry2Ac6_99.4_AUN50234.1;BT_Cry2Ac5;BT_Cry2Ac10;NOV_Cry2Ac6_99.7_ACA52278.1;BT_Cry2Ac8;BT_Cry2Ac12;BT_Cry2Ac1;NOV_Cry2Ac6_99.8_AAQ52385.1;BT_Cry2Ac11;BT_Cry2Ac4;BT_Cry2Ac7;BT_Cry2Ac6;BT_Cry2Ac2;BT_Cry2Ac9	13	BT_Cry2Ac10;BT_Cry2Ac1;BT_Cry2Ac12;BT_Cry2Ac5;BT_Cry2Ac11;BT_Cry2Ac6;NOV_Cry2Ac6_99.4_AUN50234.1;BT_Cry2Ac2;NOV_Cry2Ac6_99.8_AAQ52385.1;BT_Cry2Ac4;NOV_Cry2Ac6_99.7_ACA52278.1;BT_Cry2Ac7;BT_Cry2Ac8
BT_Cry2Ba2	Cry2Ba2	548	0	2	2	Cry2Ba1;Cry2Ba2	BT_Cry2Ba1;BT_Cry2Ba2	1	BT_Cry2Ba2
NOV_Cry70Aa1_77.7_WP_098222608.1	Cry70Aa1(77.7)_WP_098222608.1		0	1	1	Cry70Aa1(77.7)_WP_098222608.1	NOV_Cry70Aa1_77.7_WP_098222608.1	1	NOV_Cry70Aa1_77.7_WP_098222608.1
BT_Cry1Ha1	Cry1Ha1		0	1	1	Cry1Ha1	BT_Cry1Ha1	1	BT_Cry1Ha1
BT_Cry1Jb1	Cry1Jb1		0	1	1	Cry1Jb1	BT_Cry1Jb1	1	BT_Cry1Jb1
NOV_Cry1Jc1_99.1_AAS93799.1	Cry1Jc1	548	0	4	3	Cry1Jc1(99.1)_AAS93799.1;Cry1Jc1(97.2)_AAQ52372.1;Cry1Jc1	NOV_Cry1Jc1_99.1_AAS93799.1;NOV_Cry1Jc1_97.2_AAQ52372.1;NOV_Cry1Jc1_99.1_AAS93799.1	1	NOV_Cry1Jc1_99.1_AAS93799.1
BT_Cry1Jd1	Cry1Jd1		0	1	1	Cry1Jd1	BT_Cry1Jd1	1	BT_Cry1Jd1
BT_Cry70Aa1	Cry70Aa1	548	0	4	3	Cry70Aa1(99.9)_WP_050845430.1;Cry70Aa1(99.9)_AKR12921.1;Cry70Aa1(99.9)_AKR12921.1(-);Cry70Aa1	NOV_Cry70Aa1_99.9_WP_050845430.1;NOV_Cry70Aa1_99.9_AKR12921.1;NOV_Cry70Aa1_99.9_AKR12921.1;BT_Cry70Aa1	2	BT_Cry70Aa1;NOV_Cry70Aa1_99.9_WP_050845430.1
NOV_Cry1Da1_84.8_ABK35074.1	Cry1Da1(84.8)_ABK35074.1	548	0	2	1	Cry1Da1(84.8)_ABK35074.1	NOV_Cry1Da1_84.8_ABK35074.1	1	NOV_Cry1Da1_84.8_ABK35074.1
NOV_Cry1Ha1_85.7_AIW52616.1	Cry1Ha1(85.7)_AIW52616.1	548	0	2	1	Cry1Ha1(85.7)_AIW52616.1	NOV_Cry1Ha1_85.7_AIW52616.1	1	NOV_Cry1Ha1_85.7_AIW52616.1
BT_Cry1Ga2	Cry1Ga2	545	0	2	2	Cry1Ga1;Cry1Ga2	BT_Cry1Ga1;BT_Cry1Ga2	1	BT_Cry1Ga2
BT_Cry1Ja1	Cry1Ja1	547	0	3	3	Cry1Ja3;Cry1Ja1;Cry1Ja2	BT_Cry1Ja3;BT_Cry1Ja1;BT_Cry1Ja2	2	BT_Cry1Ja1;BT_Cry1Ja3
BT_Cry1Hb1	Cry1Hb1	546	0	2	2	Cry1Hb2;Cry1Hb1	BT_Cry1Hb2;BT_Cry1Hb1	1	BT_Cry1Hb1
BT_Cry32Sa1	Cry32Sa1		0	1	1	Cry32Sa1	BT_Cry32Sa1	1	BT_Cry32Sa1
NOV_Cry71Aa1_65.9_PEU78325.1	Cry71Aa1(65.9)_PEU78325.1(+)	546	0	6	6	Cry71Aa1(65.9)_PFW25264.1(-);Cry71Aa1(65.9)_PER41598.1(+);Cry71Aa1(65.9)_PFI04008.1(+);Cry71Aa1(65.9)_PGY63227.1(-);Cry71Aa1(65.9)_WP_098223479.1;Cry71Aa1(65.9)_PEU78325.1(+)	NOV_Cry71Aa1_65.9_PFW25264.1;NOV_Cry71Aa1_65.9_PER41598.1;NOV_Cry71Aa1_65.9_PFI04008.1;NOV_Cry71Aa1_65.9_PGY63227.1;NOV_Cry71Aa1_65.9_WP_098223479.1;NOV_Cry71Aa1_65.9_PEU78325.1	1	NOV_Cry71Aa1_65.9_PEU78325.1
NOV_Cry1Da1_83.2_AIW52615.1	Cry1Da1(83.2)_AIW52615.1	546	0	2	1	Cry1Da1(83.2)_AIW52615.1	NOV_Cry1Da1_83.2_AIW52615.1	1	NOV_Cry1Da1_83.2_AIW52615.1
BT_Cry1Da1	Cry1Da1	540;545	5	17	14	Cry1Da3(99.9)_OTZ53868.1(-);Cry1Da1(99.6)_OUA22582.1(-);Cry1Da1(99.6)_WP_088065286.1;Cry1Da3(99.9)_PNK40029.1(-);Cry1Da3(99.9)_WP_102981977.1;Cry1Da4;Cry1Da3(99.9)_EEM92953.1(-);Cry1Da1(99.6)_ALP83513.1;Cry1Da1;Cry1Da2;Cry1Da3(99.9)_AMR88578.1(-);Cry1Da3(99.9)_WP_000405159.1;Cry1Da1(99.8)_ACV81776.1;Cry1Da3;Cry1Da3(99.9)_AMR88578.1	NOV_Cry1Da3_99.9_OTZ53868.1;NOV_Cry1Da1_99.6_OUA22582.1;NOV_Cry1Da1_99.6_WP_088065286.1;NOV_Cry1Da3_99.9_PNK40029.1;NOV_Cry1Da3_99.9_WP_102981977.1;BT_Cry1Da4;NOV_Cry1Da3_99.9_EEM92953.1;NOV_Cry1Da1_99.6_ALP83513.1;BT_Cry1Da1;BT_Cry1Da2;NOV_Cry1Da3_99.9_AMR88578.1;NOV_Cry1Da3_99.9_WP_000405159.1;NOV_Cry1Da1_99.8_ACV81776.1;BT_Cry1Da3;NOV_Cry1Da3_99.9_AMR88578.1	5	BT_Cry1Da1;NOV_Cry1Da1_99.8_ACV81776.1;BT_Cry1Da4;NOV_Cry1Da3_99.9_OTZ53868.1;NOV_Cry1Da1_99.6_ALP83513.1
BT_Cry1Db1	Cry1Db1	545	0	2	2	Cry1Db1;Cry1Db2	BT_Cry1Db1;BT_Cry1Db2	1	BT_Cry1Db1
NOV_Cry56Aa4_56.4_PEU80288.1	Cry56Aa4(56.4)_PEU80288.1(-)	545	0	5	5	Cry56Aa4(56.4)_PEU80288.1(-);Cry56Aa4(56.4)_PFW20907.1(-);Cry56Aa4(56.4)_PER37538.1(-);Cry56Aa4(56.4)_WP_098223384.1;Cry56Aa4(56.4)_PFH99578.1(+)	NOV_Cry56Aa4_56.4_PEU80288.1;NOV_Cry56Aa4_56.4_PFW20907.1;NOV_Cry56Aa4_56.4_PER37538.1;NOV_Cry56Aa4_56.4_WP_098223384.1;NOV_Cry56Aa4_56.4_PFH99578.1	1	NOV_Cry56Aa4_56.4_PEU80288.1
BT_Cry1La1	Cry1La1	543;544	1	4	4	Cry1La2;Cry1-like;Cry1La3;Cry1La1	BT_Cry1La2;BT_Cry1-like;BT_Cry1La3;BT_Cry1La1	2	BT_Cry1La1;BT_Cry1La2
NOV_Cry4Ca2_51.6_AZJ24420.1	Cry4Ca2(51.6)_AZJ24420.1		0	1	1	Cry4Ca2(51.6)_AZJ24420.1	NOV_Cry4Ca2_51.6_AZJ24420.1	1	NOV_Cry4Ca2_51.6_AZJ24420.1
NOV_Cry70Bb1_67.1_OUB77817.1	Cry70Bb1(67.1)_OUB77817.1(-)	542	0	3	3	Cry70Bb1(67.1)_WP_086390033.1;Cry70Bb1(67.1)_OUB77817.1(-);Cry70Bb1(67.1)_AEH76824.1	NOV_Cry70Bb1_67.1_WP_086390033.1;NOV_Cry70Bb1_67.1_OUB77817.1;NOV_Cry70Bb1_67.1_AEH76824.1	1	NOV_Cry70Bb1_67.1_OUB77817.1
NOV_Cry56Aa2_56.0_AGV55019.1	Cry56Aa2(56.0)_AGV55019.1	539	0	2	1	Cry56Aa2(56.0)_AGV55019.1	NOV_Cry56Aa2_56.0_AGV55019.1	1	NOV_Cry56Aa2_56.0_AGV55019.1
NOV_Cry8Ba1_88.6_AEP25412.1	Cry8Ba1(88.6)_AEP25412.1	540	0	2	1	Cry8Ba1(88.6)_AEP25412.1	NOV_Cry8Ba1_88.6_AEP25412.1	1	NOV_Cry8Ba1_88.6_AEP25412.1
BT_Cry56Aa1	Cry56Aa1	539	0	4	4	Cry56Aa3;Cry56Aa2;Cry56Aa1;Cry56Aa4	BT_Cry56Aa3;BT_Cry56Aa2;BT_Cry56Aa1;BT_Cry56Aa4	3	BT_Cry56Aa1;BT_Cry56Aa3;BT_Cry56Aa2
NOV_Cry56Aa4_79.3_WP_103592286.1	Cry56Aa4(79.3)_WP_103592286.1		0	1	1	Cry56Aa4(79.3)_WP_103592286.1	NOV_Cry56Aa4_79.3_WP_103592286.1	1	NOV_Cry56Aa4_79.3_WP_103592286.1
NOV_Cry56Aa4_77.6_ARJ25668.1	Cry56Aa4(77.6)_ARJ25668.1	537	0	2	2	Cry56Aa4(77.6)_ARJ25668.1;Cry56Aa4(77.6)_ARJ26025.1	NOV_Cry56Aa4_77.6_ARJ25668.1;NOV_Cry56Aa4_77.6_ARJ26025.1	1	NOV_Cry56Aa4_77.6_ARJ25668.1
BT_Cry12Aa1	Cry12Aa1		0	1	1	Cry12Aa1	BT_Cry12Aa1	1	BT_Cry12Aa1
BT_Cry32Aa1	Cry32Aa1	534	0	3	3	Cry32Ab1;Cry32Aa1;Cry32Aa2	BT_Cry32Ab1;BT_Cry32Aa1;BT_Cry32Aa2	2	BT_Cry32Aa1;BT_Cry32Ab1
NOV_Cry1Ie2_23.3_ATF15267.1	Cry1Ie2(23.3)_ATF15267.1	533	0	2	2	Cry1Ie4(24.0)_BAH45672.1;Cry1Ie2(23.3)_ATF15267.1	NOV_Cry1Ie4_24.0_BAH45672.1;NOV_Cry1Ie2_23.3_ATF15267.1	1	NOV_Cry1Ie2_23.3_ATF15267.1
BT_Cry29Aa1	Cry29Aa1		0	1	1	Cry29Aa1	BT_Cry29Aa1	1	BT_Cry29Aa1
NOV_Cry73Aa1_40.0_PQQ47537.1	Cry73Aa1(40.0)_PQQ47537.1(+)	522	0	2	2	Cry73Aa1(40.0)_WP_105433854.1;Cry73Aa1(40.0)_PQQ47537.1(+)	NOV_Cry73Aa1_40.0_WP_105433854.1;NOV_Cry73Aa1_40.0_PQQ47537.1	1	NOV_Cry73Aa1_40.0_PQQ47537.1
BT_Cry67Aa2	Cry67Aa2		0	1	1	Cry67Aa2	BT_Cry67Aa2	1	BT_Cry67Aa2
NOV_Cry8Ma2_96.0_WP_103622989.1	Cry8Ma2(96.0)_WP_103622989.1		0	1	1	Cry8Ma2(96.0)_WP_103622989.1	NOV_Cry8Ma2_96.0_WP_103622989.1	1	NOV_Cry8Ma2_96.0_WP_103622989.1
NOV_Cry21Ba1_28.9_PEZ39117.1	Cry21Ba1(28.9)_PEZ39117.1(-)	509	0	3	3	Cry21Ba1(28.9)_WP_098424775.1;Cry21Ba1(28.9)_PEZ39117.1(-);Cry21Ba1(28.9)_PGY63215.1(-)	NOV_Cry21Ba1_28.9_WP_098424775.1;NOV_Cry21Ba1_28.9_PEZ39117.1;NOV_Cry21Ba1_28.9_PGY63215.1	1	NOV_Cry21Ba1_28.9_PEZ39117.1
NOV_Cry58Aa1_29.0_AGS78123.2	Cry58Aa1(29.0)_AGS78123.2	479	0	2	1	Cry58Aa1(29.0)_AGS78123.2	NOV_Cry58Aa1_29.0_AGS78123.2	1	NOV_Cry58Aa1_29.0_AGS78123.2
NOV_Cry21Fa1_31.0_OTW70091.1	Cry21Fa1(31.0)_OTW70091.1(-)	476	0	3	3	Cry21Fa1(31.0)_OTW62068.1(+);Cry21Fa1(31.0)_WP_086387142.1;Cry21Fa1(31.0)_OTW70091.1(-)	NOV_Cry21Fa1_31.0_OTW62068.1;NOV_Cry21Fa1_31.0_WP_086387142.1;NOV_Cry21Fa1_31.0_OTW70091.1	1	NOV_Cry21Fa1_31.0_OTW70091.1
