2433721	Bacillus thuringiensis (firmicutes)	Contig	1428	GCA_004519705.1	ftp://ftp.ncbi.nlm.nih.gov/genomes/all/GCA/004/519/705/GCA_004519705.1_ASM451970v1
2355181	Bacillus thuringiensis F14-1 (firmicutes)	Scaffold	592025	GCA_004368515.1	ftp://ftp.ncbi.nlm.nih.gov/genomes/all/GCA/004/368/515/GCA_004368515.1_ASM436851v1
2350661	Bacillus thuringiensis (firmicutes)	Chromosome	1428	GCA_004194435.2	ftp://ftp.ncbi.nlm.nih.gov/genomes/all/GCA/004/194/435/GCA_004194435.2_ASM419443v2
2348081	Bacillus thuringiensis (firmicutes)	Chromosome	1428	GCA_004354265.1	ftp://ftp.ncbi.nlm.nih.gov/genomes/all/GCA/004/354/265/GCA_004354265.1_ASM435426v1
2344361	Bacillus thuringiensis (firmicutes)	Scaffold	1428	GCA_004346705.1	ftp://ftp.ncbi.nlm.nih.gov/genomes/all/GCA/004/346/705/GCA_004346705.1_ASM434670v1
2338181	Bacillus thuringiensis (firmicutes)	Scaffold	1428	GCA_004309715.1	ftp://ftp.ncbi.nlm.nih.gov/genomes/all/GCA/004/309/715/GCA_004309715.1_ASM430971v1
2337141	Bacillus thuringiensis (firmicutes)	Contig	1428	GCA_004330415.1	ftp://ftp.ncbi.nlm.nih.gov/genomes/all/GCA/004/330/415/GCA_004330415.1_ASM433041v1
2336971	Bacillus thuringiensis (firmicutes)	Contig	1428	GCA_004330315.1	ftp://ftp.ncbi.nlm.nih.gov/genomes/all/GCA/004/330/315/GCA_004330315.1_ASM433031v1
2276271	Bacillus thuringiensis (firmicutes)	Chromosome	1428	GCA_004194475.1	ftp://ftp.ncbi.nlm.nih.gov/genomes/all/GCA/004/194/475/GCA_004194475.1_ASM419447v1
2276261	Bacillus thuringiensis (firmicutes)	Chromosome	1428	GCA_004194455.1	ftp://ftp.ncbi.nlm.nih.gov/genomes/all/GCA/004/194/455/GCA_004194455.1_ASM419445v1
2261981	Bacillus thuringiensis (firmicutes)	Scaffold	1428	GCA_004167115.1	ftp://ftp.ncbi.nlm.nih.gov/genomes/all/GCA/004/167/115/GCA_004167115.1_ASM416711v1
2255231	Bacillus thuringiensis (firmicutes)	Contig	1428	GCA_004153515.1	ftp://ftp.ncbi.nlm.nih.gov/genomes/all/GCA/004/153/515/GCA_004153515.1_ASM415351v1
2202311	Bacillus thuringiensis (firmicutes)	Contig	1428	GCA_004009875.1	ftp://ftp.ncbi.nlm.nih.gov/genomes/all/GCA/004/009/875/GCA_004009875.1_G25-42
2193101	Bacillus thuringiensis (firmicutes)	Complete Genome	1428	GCA_003991175.1	ftp://ftp.ncbi.nlm.nih.gov/genomes/all/GCA/003/991/175/GCA_003991175.1_ASM399117v1
2070701	Bacillus thuringiensis (firmicutes)	Contig	1428	GCA_003719805.1	ftp://ftp.ncbi.nlm.nih.gov/genomes/all/GCA/003/719/805/GCA_003719805.1_ASM371980v1
2007231	Bacillus thuringiensis (firmicutes)	Complete Genome	1428	GCA_003626955.1	ftp://ftp.ncbi.nlm.nih.gov/genomes/all/GCA/003/626/955/GCA_003626955.1_ASM362695v1
2005411	Bacillus thuringiensis (firmicutes)	Contig	1428	GCA_003612265.1	ftp://ftp.ncbi.nlm.nih.gov/genomes/all/GCA/003/612/265/GCA_003612265.1_ASM361226v1
1967651	Bacillus thuringiensis LM1212 (firmicutes)	Complete Genome	1417985	GCA_003546665.1	ftp://ftp.ncbi.nlm.nih.gov/genomes/all/GCA/003/546/665/GCA_003546665.1_ASM354666v1
1913131	Bacillus thuringiensis serovar israelensis (firmicutes)	Complete Genome	1430	GCA_003445395.1	ftp://ftp.ncbi.nlm.nih.gov/genomes/all/GCA/003/445/395/GCA_003445395.1_ASM344539v1
1912791	Bacillus thuringiensis (firmicutes)	Scaffold	1428	GCA_003444735.1	ftp://ftp.ncbi.nlm.nih.gov/genomes/all/GCA/003/444/735/GCA_003444735.1_ASM344473v1
1875921	Bacillus thuringiensis (firmicutes)	Scaffold	1428	GCA_003408695.1	ftp://ftp.ncbi.nlm.nih.gov/genomes/all/GCA/003/408/695/GCA_003408695.1_ASM340869v1
1869751	Bacillus thuringiensis (firmicutes)	Contig	1428	GCA_003399465.1	ftp://ftp.ncbi.nlm.nih.gov/genomes/all/GCA/003/399/465/GCA_003399465.1_ASM339946v1
1816371	Bacillus thuringiensis (firmicutes)	Contig	1428	GCA_003312445.1	ftp://ftp.ncbi.nlm.nih.gov/genomes/all/GCA/003/312/445/GCA_003312445.1_ASM331244v1
1785211	Bacillus thuringiensis (firmicutes)	Scaffold	1428	GCA_003046465.1	ftp://ftp.ncbi.nlm.nih.gov/genomes/all/GCA/003/046/465/GCA_003046465.1_ASM304646v1
1717611	Bacillus thuringiensis (firmicutes)	Contig	1428	GCA_003150715.1	ftp://ftp.ncbi.nlm.nih.gov/genomes/all/GCA/003/150/715/GCA_003150715.1_ASM315071v1
1695101	Bacillus thuringiensis (firmicutes)	Scaffold	1428	GCA_003112375.1	ftp://ftp.ncbi.nlm.nih.gov/genomes/all/GCA/003/112/375/GCA_003112375.1_ASM311237v1
1679911	Bacillus thuringiensis (firmicutes)	Scaffold	1428	GCA_003054785.1	ftp://ftp.ncbi.nlm.nih.gov/genomes/all/GCA/003/054/785/GCA_003054785.1_ASM305478v1
1630201	Bacillus thuringiensis (firmicutes)	Contig	1428	GCA_002998855.1	ftp://ftp.ncbi.nlm.nih.gov/genomes/all/GCA/002/998/855/GCA_002998855.1_ASM299885v1
1630161	Bacillus thuringiensis (firmicutes)	Scaffold	1428	GCA_002998815.1	ftp://ftp.ncbi.nlm.nih.gov/genomes/all/GCA/002/998/815/GCA_002998815.1_ASM299881v1
1628591	Bacillus thuringiensis (firmicutes)	Contig	1428	GCA_002994815.1	ftp://ftp.ncbi.nlm.nih.gov/genomes/all/GCA/002/994/815/GCA_002994815.1_ASM299481v1
1616301	Bacillus thuringiensis (firmicutes)	Scaffold	1428	GCA_002969075.1	ftp://ftp.ncbi.nlm.nih.gov/genomes/all/GCA/002/969/075/GCA_002969075.1_ASM296907v1
1556601	Bacillus thuringiensis (firmicutes)	Contig	1428	GCA_002921215.1	ftp://ftp.ncbi.nlm.nih.gov/genomes/all/GCA/002/921/215/GCA_002921215.1_ASM292121v1
1550891	Bacillus thuringiensis serovar kurstaki (firmicutes)	Scaffold	29339	GCA_002912215.1	ftp://ftp.ncbi.nlm.nih.gov/genomes/all/GCA/002/912/215/GCA_002912215.1_ASM291221v1
1550851	Bacillus thuringiensis serovar darmstadiensis (firmicutes)	Scaffold	132264	GCA_002912135.1	ftp://ftp.ncbi.nlm.nih.gov/genomes/all/GCA/002/912/135/GCA_002912135.1_ASM291213v1
1550841	Bacillus thuringiensis serovar kurstaki (firmicutes)	Scaffold	29339	GCA_002912105.1	ftp://ftp.ncbi.nlm.nih.gov/genomes/all/GCA/002/912/105/GCA_002912105.1_ASM291210v1
1550831	Bacillus thuringiensis serovar finitimus (firmicutes)	Contig	29337	GCA_002912125.1	ftp://ftp.ncbi.nlm.nih.gov/genomes/all/GCA/002/912/125/GCA_002912125.1_ASM291212v1
1550821	Bacillus thuringiensis serovar berliner (firmicutes)	Scaffold	1434	GCA_002912115.1	ftp://ftp.ncbi.nlm.nih.gov/genomes/all/GCA/002/912/115/GCA_002912115.1_ASM291211v1
1550801	Bacillus thuringiensis serovar israelensis (firmicutes)	Contig	1430	GCA_002912075.1	ftp://ftp.ncbi.nlm.nih.gov/genomes/all/GCA/002/912/075/GCA_002912075.1_ASM291207v1
1550791	Bacillus thuringiensis serovar higo (firmicutes)	Scaffold	132266	GCA_002912045.1	ftp://ftp.ncbi.nlm.nih.gov/genomes/all/GCA/002/912/045/GCA_002912045.1_ASM291204v1
1550781	Bacillus thuringiensis serovar morrisoni (firmicutes)	Contig	1441	GCA_002912065.1	ftp://ftp.ncbi.nlm.nih.gov/genomes/all/GCA/002/912/065/GCA_002912065.1_ASM291206v1
1550761	Bacillus thuringiensis serovar sotto (firmicutes)	Contig	29340	GCA_002912025.1	ftp://ftp.ncbi.nlm.nih.gov/genomes/all/GCA/002/912/025/GCA_002912025.1_ASM291202v1
1550741	Bacillus thuringiensis serovar alesti (firmicutes)	Scaffold	1440	GCA_002911965.1	ftp://ftp.ncbi.nlm.nih.gov/genomes/all/GCA/002/911/965/GCA_002911965.1_ASM291196v1
1550731	Bacillus thuringiensis serovar entomocidus (firmicutes)	Contig	1436	GCA_002911955.1	ftp://ftp.ncbi.nlm.nih.gov/genomes/all/GCA/002/911/955/GCA_002911955.1_ASM291195v1
1550721	Bacillus thuringiensis serovar monterrey (firmicutes)	Scaffold	180882	GCA_002911945.1	ftp://ftp.ncbi.nlm.nih.gov/genomes/all/GCA/002/911/945/GCA_002911945.1_ASM291194v1
1550711	Bacillus thuringiensis serovar morrisoni (firmicutes)	Contig	1441	GCA_002911975.1	ftp://ftp.ncbi.nlm.nih.gov/genomes/all/GCA/002/911/975/GCA_002911975.1_ASM291197v1
1550691	Bacillus thuringiensis serovar galleriae (firmicutes)	Contig	29338	GCA_002911925.1	ftp://ftp.ncbi.nlm.nih.gov/genomes/all/GCA/002/911/925/GCA_002911925.1_ASM291192v1
1550681	Bacillus thuringiensis serovar kumamtoensis (firmicutes)	Contig	132267	GCA_002911905.1	ftp://ftp.ncbi.nlm.nih.gov/genomes/all/GCA/002/911/905/GCA_002911905.1_ASM291190v1
1550671	Bacillus thuringiensis serovar kurstaki (firmicutes)	Scaffold	29339	GCA_002911865.1	ftp://ftp.ncbi.nlm.nih.gov/genomes/all/GCA/002/911/865/GCA_002911865.1_ASM291186v1
1550661	Bacillus thuringiensis serovar malayensis (firmicutes)	Contig	180893	GCA_002911875.1	ftp://ftp.ncbi.nlm.nih.gov/genomes/all/GCA/002/911/875/GCA_002911875.1_ASM291187v1
1550641	Bacillus thuringiensis serovar sotto (firmicutes)	Contig	29340	GCA_002911825.1	ftp://ftp.ncbi.nlm.nih.gov/genomes/all/GCA/002/911/825/GCA_002911825.1_ASM291182v1
1550631	Bacillus thuringiensis serovar kyushuensis (firmicutes)	Contig	44161	GCA_002911835.1	ftp://ftp.ncbi.nlm.nih.gov/genomes/all/GCA/002/911/835/GCA_002911835.1_ASM291183v1
1550611	Bacillus thuringiensis serovar medellin (firmicutes)	Contig	79672	GCA_002911795.1	ftp://ftp.ncbi.nlm.nih.gov/genomes/all/GCA/002/911/795/GCA_002911795.1_ASM291179v1
1550591	Bacillus thuringiensis serovar japonensis (firmicutes)	Scaffold	128936	GCA_002911785.1	ftp://ftp.ncbi.nlm.nih.gov/genomes/all/GCA/002/911/785/GCA_002911785.1_ASM291178v1
1550581	Bacillus thuringiensis serovar thuringiensis (firmicutes)	Contig	1432	GCA_002911755.1	ftp://ftp.ncbi.nlm.nih.gov/genomes/all/GCA/002/911/755/GCA_002911755.1_ASM291175v1
1550571	Bacillus thuringiensis serovar japonensis (firmicutes)	Contig	128936	GCA_002911745.1	ftp://ftp.ncbi.nlm.nih.gov/genomes/all/GCA/002/911/745/GCA_002911745.1_ASM291174v1
1529791	Bacillus thuringiensis (firmicutes)	Contig	1428	GCA_002893605.1	ftp://ftp.ncbi.nlm.nih.gov/genomes/all/GCA/002/893/605/GCA_002893605.1_ASM289360v1
1529781	Bacillus thuringiensis (firmicutes)	Contig	1428	GCA_002893585.1	ftp://ftp.ncbi.nlm.nih.gov/genomes/all/GCA/002/893/585/GCA_002893585.1_ASM289358v1
1529771	Bacillus thuringiensis (firmicutes)	Contig	1428	GCA_002893565.1	ftp://ftp.ncbi.nlm.nih.gov/genomes/all/GCA/002/893/565/GCA_002893565.1_WBt-2
1529761	Bacillus thuringiensis (firmicutes)	Contig	1428	GCA_002893525.1	ftp://ftp.ncbi.nlm.nih.gov/genomes/all/GCA/002/893/525/GCA_002893525.1_ASM289352v1
1529751	Bacillus thuringiensis (firmicutes)	Contig	1428	GCA_002893505.1	ftp://ftp.ncbi.nlm.nih.gov/genomes/all/GCA/002/893/505/GCA_002893505.1_ASM289350v1
1529741	Bacillus thuringiensis (firmicutes)	Contig	1428	GCA_002893515.1	ftp://ftp.ncbi.nlm.nih.gov/genomes/all/GCA/002/893/515/GCA_002893515.1_ASM289351v1
1451231	Bacillus thuringiensis (firmicutes)	Scaffold	1428	GCA_002795225.1	ftp://ftp.ncbi.nlm.nih.gov/genomes/all/GCA/002/795/225/GCA_002795225.1_ASM279522v1
1415241	Bacillus thuringiensis (firmicutes)	Contig	1428	GCA_002268645.2	ftp://ftp.ncbi.nlm.nih.gov/genomes/all/GCA/002/268/645/GCA_002268645.2_ASM226864v2
1347261	Bacillus thuringiensis (firmicutes)	Scaffold	1428	GCA_002589045.1	ftp://ftp.ncbi.nlm.nih.gov/genomes/all/GCA/002/589/045/GCA_002589045.1_ASM258904v1
1347221	Bacillus thuringiensis (firmicutes)	Scaffold	1428	GCA_002589015.1	ftp://ftp.ncbi.nlm.nih.gov/genomes/all/GCA/002/589/015/GCA_002589015.1_ASM258901v1
1345851	Bacillus thuringiensis (firmicutes)	Scaffold	1428	GCA_002586085.1	ftp://ftp.ncbi.nlm.nih.gov/genomes/all/GCA/002/586/085/GCA_002586085.1_ASM258608v1
1345711	Bacillus thuringiensis (firmicutes)	Scaffold	1428	GCA_002585935.1	ftp://ftp.ncbi.nlm.nih.gov/genomes/all/GCA/002/585/935/GCA_002585935.1_ASM258593v1
1345611	Bacillus thuringiensis (firmicutes)	Scaffold	1428	GCA_002585795.1	ftp://ftp.ncbi.nlm.nih.gov/genomes/all/GCA/002/585/795/GCA_002585795.1_ASM258579v1
1345531	Bacillus thuringiensis (firmicutes)	Scaffold	1428	GCA_002585635.1	ftp://ftp.ncbi.nlm.nih.gov/genomes/all/GCA/002/585/635/GCA_002585635.1_ASM258563v1
1345391	Bacillus thuringiensis (firmicutes)	Scaffold	1428	GCA_002585315.1	ftp://ftp.ncbi.nlm.nih.gov/genomes/all/GCA/002/585/315/GCA_002585315.1_ASM258531v1
1345261	Bacillus thuringiensis (firmicutes)	Scaffold	1428	GCA_002584855.1	ftp://ftp.ncbi.nlm.nih.gov/genomes/all/GCA/002/584/855/GCA_002584855.1_ASM258485v1
1345221	Bacillus thuringiensis (firmicutes)	Scaffold	1428	GCA_002584925.1	ftp://ftp.ncbi.nlm.nih.gov/genomes/all/GCA/002/584/925/GCA_002584925.1_ASM258492v1
1345011	Bacillus thuringiensis (firmicutes)	Scaffold	1428	GCA_002584605.1	ftp://ftp.ncbi.nlm.nih.gov/genomes/all/GCA/002/584/605/GCA_002584605.1_ASM258460v1
1344861	Bacillus thuringiensis (firmicutes)	Scaffold	1428	GCA_002584325.1	ftp://ftp.ncbi.nlm.nih.gov/genomes/all/GCA/002/584/325/GCA_002584325.1_ASM258432v1
1344831	Bacillus thuringiensis (firmicutes)	Scaffold	1428	GCA_002584205.1	ftp://ftp.ncbi.nlm.nih.gov/genomes/all/GCA/002/584/205/GCA_002584205.1_ASM258420v1
1344801	Bacillus thuringiensis (firmicutes)	Scaffold	1428	GCA_002584185.1	ftp://ftp.ncbi.nlm.nih.gov/genomes/all/GCA/002/584/185/GCA_002584185.1_ASM258418v1
1344711	Bacillus thuringiensis (firmicutes)	Scaffold	1428	GCA_002584055.1	ftp://ftp.ncbi.nlm.nih.gov/genomes/all/GCA/002/584/055/GCA_002584055.1_ASM258405v1
1344651	Bacillus thuringiensis (firmicutes)	Scaffold	1428	GCA_002583895.1	ftp://ftp.ncbi.nlm.nih.gov/genomes/all/GCA/002/583/895/GCA_002583895.1_ASM258389v1
1344471	Bacillus thuringiensis (firmicutes)	Scaffold	1428	GCA_002583505.1	ftp://ftp.ncbi.nlm.nih.gov/genomes/all/GCA/002/583/505/GCA_002583505.1_ASM258350v1
1344411	Bacillus thuringiensis (firmicutes)	Contig	1428	GCA_002583445.1	ftp://ftp.ncbi.nlm.nih.gov/genomes/all/GCA/002/583/445/GCA_002583445.1_ASM258344v1
1344341	Bacillus thuringiensis (firmicutes)	Scaffold	1428	GCA_002583285.1	ftp://ftp.ncbi.nlm.nih.gov/genomes/all/GCA/002/583/285/GCA_002583285.1_ASM258328v1
1344321	Bacillus thuringiensis (firmicutes)	Scaffold	1428	GCA_002583235.1	ftp://ftp.ncbi.nlm.nih.gov/genomes/all/GCA/002/583/235/GCA_002583235.1_ASM258323v1
1344261	Bacillus thuringiensis (firmicutes)	Scaffold	1428	GCA_002583105.1	ftp://ftp.ncbi.nlm.nih.gov/genomes/all/GCA/002/583/105/GCA_002583105.1_ASM258310v1
1344171	Bacillus thuringiensis (firmicutes)	Scaffold	1428	GCA_002582925.1	ftp://ftp.ncbi.nlm.nih.gov/genomes/all/GCA/002/582/925/GCA_002582925.1_ASM258292v1
1344041	Bacillus thuringiensis (firmicutes)	Scaffold	1428	GCA_002582685.1	ftp://ftp.ncbi.nlm.nih.gov/genomes/all/GCA/002/582/685/GCA_002582685.1_ASM258268v1
1343981	Bacillus thuringiensis (firmicutes)	Scaffold	1428	GCA_002582575.1	ftp://ftp.ncbi.nlm.nih.gov/genomes/all/GCA/002/582/575/GCA_002582575.1_ASM258257v1
1343291	Bacillus thuringiensis (firmicutes)	Scaffold	1428	GCA_002581075.1	ftp://ftp.ncbi.nlm.nih.gov/genomes/all/GCA/002/581/075/GCA_002581075.1_ASM258107v1
1342021	Bacillus thuringiensis (firmicutes)	Scaffold	1428	GCA_002578625.1	ftp://ftp.ncbi.nlm.nih.gov/genomes/all/GCA/002/578/625/GCA_002578625.1_ASM257862v1
1341791	Bacillus thuringiensis (firmicutes)	Scaffold	1428	GCA_002578165.1	ftp://ftp.ncbi.nlm.nih.gov/genomes/all/GCA/002/578/165/GCA_002578165.1_ASM257816v1
1341631	Bacillus thuringiensis (firmicutes)	Scaffold	1428	GCA_002577835.1	ftp://ftp.ncbi.nlm.nih.gov/genomes/all/GCA/002/577/835/GCA_002577835.1_ASM257783v1
1341621	Bacillus thuringiensis (firmicutes)	Scaffold	1428	GCA_002577805.1	ftp://ftp.ncbi.nlm.nih.gov/genomes/all/GCA/002/577/805/GCA_002577805.1_ASM257780v1
1341501	Bacillus thuringiensis (firmicutes)	Scaffold	1428	GCA_002577625.1	ftp://ftp.ncbi.nlm.nih.gov/genomes/all/GCA/002/577/625/GCA_002577625.1_ASM257762v1
1341481	Bacillus thuringiensis (firmicutes)	Scaffold	1428	GCA_002577605.1	ftp://ftp.ncbi.nlm.nih.gov/genomes/all/GCA/002/577/605/GCA_002577605.1_ASM257760v1
1341471	Bacillus thuringiensis (firmicutes)	Scaffold	1428	GCA_002577565.1	ftp://ftp.ncbi.nlm.nih.gov/genomes/all/GCA/002/577/565/GCA_002577565.1_ASM257756v1
1341451	Bacillus thuringiensis (firmicutes)	Scaffold	1428	GCA_002577525.1	ftp://ftp.ncbi.nlm.nih.gov/genomes/all/GCA/002/577/525/GCA_002577525.1_ASM257752v1
1341421	Bacillus thuringiensis (firmicutes)	Scaffold	1428	GCA_002577445.1	ftp://ftp.ncbi.nlm.nih.gov/genomes/all/GCA/002/577/445/GCA_002577445.1_ASM257744v1
1341351	Bacillus thuringiensis (firmicutes)	Scaffold	1428	GCA_002577325.1	ftp://ftp.ncbi.nlm.nih.gov/genomes/all/GCA/002/577/325/GCA_002577325.1_ASM257732v1
1341331	Bacillus thuringiensis (firmicutes)	Scaffold	1428	GCA_002577255.1	ftp://ftp.ncbi.nlm.nih.gov/genomes/all/GCA/002/577/255/GCA_002577255.1_ASM257725v1
1341221	Bacillus thuringiensis (firmicutes)	Scaffold	1428	GCA_002577025.1	ftp://ftp.ncbi.nlm.nih.gov/genomes/all/GCA/002/577/025/GCA_002577025.1_ASM257702v1
1341191	Bacillus thuringiensis (firmicutes)	Scaffold	1428	GCA_002577005.1	ftp://ftp.ncbi.nlm.nih.gov/genomes/all/GCA/002/577/005/GCA_002577005.1_ASM257700v1
1341151	Bacillus thuringiensis (firmicutes)	Scaffold	1428	GCA_002576925.1	ftp://ftp.ncbi.nlm.nih.gov/genomes/all/GCA/002/576/925/GCA_002576925.1_ASM257692v1
1341121	Bacillus thuringiensis (firmicutes)	Scaffold	1428	GCA_002576875.1	ftp://ftp.ncbi.nlm.nih.gov/genomes/all/GCA/002/576/875/GCA_002576875.1_ASM257687v1
1341091	Bacillus thuringiensis (firmicutes)	Scaffold	1428	GCA_002576765.1	ftp://ftp.ncbi.nlm.nih.gov/genomes/all/GCA/002/576/765/GCA_002576765.1_ASM257676v1
1341061	Bacillus thuringiensis (firmicutes)	Scaffold	1428	GCA_002576755.1	ftp://ftp.ncbi.nlm.nih.gov/genomes/all/GCA/002/576/755/GCA_002576755.1_ASM257675v1
1341031	Bacillus thuringiensis (firmicutes)	Scaffold	1428	GCA_002576655.1	ftp://ftp.ncbi.nlm.nih.gov/genomes/all/GCA/002/576/655/GCA_002576655.1_ASM257665v1
1341021	Bacillus thuringiensis (firmicutes)	Scaffold	1428	GCA_002576665.1	ftp://ftp.ncbi.nlm.nih.gov/genomes/all/GCA/002/576/665/GCA_002576665.1_ASM257666v1
1341011	Bacillus thuringiensis (firmicutes)	Scaffold	1428	GCA_002576645.1	ftp://ftp.ncbi.nlm.nih.gov/genomes/all/GCA/002/576/645/GCA_002576645.1_ASM257664v1
1341001	Bacillus thuringiensis (firmicutes)	Scaffold	1428	GCA_002576585.1	ftp://ftp.ncbi.nlm.nih.gov/genomes/all/GCA/002/576/585/GCA_002576585.1_ASM257658v1
1340991	Bacillus thuringiensis (firmicutes)	Scaffold	1428	GCA_002576565.1	ftp://ftp.ncbi.nlm.nih.gov/genomes/all/GCA/002/576/565/GCA_002576565.1_ASM257656v1
1340931	Bacillus thuringiensis (firmicutes)	Scaffold	1428	GCA_002576485.1	ftp://ftp.ncbi.nlm.nih.gov/genomes/all/GCA/002/576/485/GCA_002576485.1_ASM257648v1
1340891	Bacillus thuringiensis (firmicutes)	Scaffold	1428	GCA_002576375.1	ftp://ftp.ncbi.nlm.nih.gov/genomes/all/GCA/002/576/375/GCA_002576375.1_ASM257637v1
1340881	Bacillus thuringiensis (firmicutes)	Scaffold	1428	GCA_002576405.1	ftp://ftp.ncbi.nlm.nih.gov/genomes/all/GCA/002/576/405/GCA_002576405.1_ASM257640v1
1340781	Bacillus thuringiensis (firmicutes)	Scaffold	1428	GCA_002576135.1	ftp://ftp.ncbi.nlm.nih.gov/genomes/all/GCA/002/576/135/GCA_002576135.1_ASM257613v1
1340751	Bacillus thuringiensis (firmicutes)	Scaffold	1428	GCA_002576125.1	ftp://ftp.ncbi.nlm.nih.gov/genomes/all/GCA/002/576/125/GCA_002576125.1_ASM257612v1
1340741	Bacillus thuringiensis (firmicutes)	Scaffold	1428	GCA_002576055.1	ftp://ftp.ncbi.nlm.nih.gov/genomes/all/GCA/002/576/055/GCA_002576055.1_ASM257605v1
1340691	Bacillus thuringiensis (firmicutes)	Scaffold	1428	GCA_002576025.1	ftp://ftp.ncbi.nlm.nih.gov/genomes/all/GCA/002/576/025/GCA_002576025.1_ASM257602v1
1340651	Bacillus thuringiensis (firmicutes)	Scaffold	1428	GCA_002575925.1	ftp://ftp.ncbi.nlm.nih.gov/genomes/all/GCA/002/575/925/GCA_002575925.1_ASM257592v1
1340631	Bacillus thuringiensis (firmicutes)	Scaffold	1428	GCA_002575895.1	ftp://ftp.ncbi.nlm.nih.gov/genomes/all/GCA/002/575/895/GCA_002575895.1_ASM257589v1
1340551	Bacillus thuringiensis (firmicutes)	Scaffold	1428	GCA_002575705.1	ftp://ftp.ncbi.nlm.nih.gov/genomes/all/GCA/002/575/705/GCA_002575705.1_ASM257570v1
1340521	Bacillus thuringiensis (firmicutes)	Scaffold	1428	GCA_002575645.1	ftp://ftp.ncbi.nlm.nih.gov/genomes/all/GCA/002/575/645/GCA_002575645.1_ASM257564v1
1340511	Bacillus thuringiensis (firmicutes)	Scaffold	1428	GCA_002575615.1	ftp://ftp.ncbi.nlm.nih.gov/genomes/all/GCA/002/575/615/GCA_002575615.1_ASM257561v1
1340431	Bacillus thuringiensis (firmicutes)	Scaffold	1428	GCA_002575445.1	ftp://ftp.ncbi.nlm.nih.gov/genomes/all/GCA/002/575/445/GCA_002575445.1_ASM257544v1
1340401	Bacillus thuringiensis (firmicutes)	Scaffold	1428	GCA_002575395.1	ftp://ftp.ncbi.nlm.nih.gov/genomes/all/GCA/002/575/395/GCA_002575395.1_ASM257539v1
1340391	Bacillus thuringiensis (firmicutes)	Scaffold	1428	GCA_002575365.1	ftp://ftp.ncbi.nlm.nih.gov/genomes/all/GCA/002/575/365/GCA_002575365.1_ASM257536v1
1340371	Bacillus thuringiensis (firmicutes)	Scaffold	1428	GCA_002575305.1	ftp://ftp.ncbi.nlm.nih.gov/genomes/all/GCA/002/575/305/GCA_002575305.1_ASM257530v1
1340361	Bacillus thuringiensis (firmicutes)	Scaffold	1428	GCA_002575325.1	ftp://ftp.ncbi.nlm.nih.gov/genomes/all/GCA/002/575/325/GCA_002575325.1_ASM257532v1
1340311	Bacillus thuringiensis (firmicutes)	Scaffold	1428	GCA_002575195.1	ftp://ftp.ncbi.nlm.nih.gov/genomes/all/GCA/002/575/195/GCA_002575195.1_ASM257519v1
1340241	Bacillus thuringiensis (firmicutes)	Scaffold	1428	GCA_002575075.1	ftp://ftp.ncbi.nlm.nih.gov/genomes/all/GCA/002/575/075/GCA_002575075.1_ASM257507v1
1340221	Bacillus thuringiensis (firmicutes)	Scaffold	1428	GCA_002575035.1	ftp://ftp.ncbi.nlm.nih.gov/genomes/all/GCA/002/575/035/GCA_002575035.1_ASM257503v1
1340211	Bacillus thuringiensis (firmicutes)	Scaffold	1428	GCA_002575015.1	ftp://ftp.ncbi.nlm.nih.gov/genomes/all/GCA/002/575/015/GCA_002575015.1_ASM257501v1
1340171	Bacillus thuringiensis (firmicutes)	Scaffold	1428	GCA_002574935.1	ftp://ftp.ncbi.nlm.nih.gov/genomes/all/GCA/002/574/935/GCA_002574935.1_ASM257493v1
1340161	Bacillus thuringiensis (firmicutes)	Scaffold	1428	GCA_002574895.1	ftp://ftp.ncbi.nlm.nih.gov/genomes/all/GCA/002/574/895/GCA_002574895.1_ASM257489v1
1340111	Bacillus thuringiensis (firmicutes)	Scaffold	1428	GCA_002574805.1	ftp://ftp.ncbi.nlm.nih.gov/genomes/all/GCA/002/574/805/GCA_002574805.1_ASM257480v1
1340081	Bacillus thuringiensis (firmicutes)	Scaffold	1428	GCA_002574725.1	ftp://ftp.ncbi.nlm.nih.gov/genomes/all/GCA/002/574/725/GCA_002574725.1_ASM257472v1
1340071	Bacillus thuringiensis (firmicutes)	Scaffold	1428	GCA_002574735.1	ftp://ftp.ncbi.nlm.nih.gov/genomes/all/GCA/002/574/735/GCA_002574735.1_ASM257473v1
1340051	Bacillus thuringiensis (firmicutes)	Scaffold	1428	GCA_002574695.1	ftp://ftp.ncbi.nlm.nih.gov/genomes/all/GCA/002/574/695/GCA_002574695.1_ASM257469v1
1340041	Bacillus thuringiensis (firmicutes)	Scaffold	1428	GCA_002574675.1	ftp://ftp.ncbi.nlm.nih.gov/genomes/all/GCA/002/574/675/GCA_002574675.1_ASM257467v1
1340031	Bacillus thuringiensis (firmicutes)	Scaffold	1428	GCA_002574645.1	ftp://ftp.ncbi.nlm.nih.gov/genomes/all/GCA/002/574/645/GCA_002574645.1_ASM257464v1
1340001	Bacillus thuringiensis (firmicutes)	Scaffold	1428	GCA_002574595.1	ftp://ftp.ncbi.nlm.nih.gov/genomes/all/GCA/002/574/595/GCA_002574595.1_ASM257459v1
1339991	Bacillus thuringiensis (firmicutes)	Scaffold	1428	GCA_002574575.1	ftp://ftp.ncbi.nlm.nih.gov/genomes/all/GCA/002/574/575/GCA_002574575.1_ASM257457v1
1339981	Bacillus thuringiensis (firmicutes)	Scaffold	1428	GCA_002574505.1	ftp://ftp.ncbi.nlm.nih.gov/genomes/all/GCA/002/574/505/GCA_002574505.1_ASM257450v1
1339951	Bacillus thuringiensis (firmicutes)	Scaffold	1428	GCA_002574495.1	ftp://ftp.ncbi.nlm.nih.gov/genomes/all/GCA/002/574/495/GCA_002574495.1_ASM257449v1
1339941	Bacillus thuringiensis (firmicutes)	Scaffold	1428	GCA_002574475.1	ftp://ftp.ncbi.nlm.nih.gov/genomes/all/GCA/002/574/475/GCA_002574475.1_ASM257447v1
1339901	Bacillus thuringiensis (firmicutes)	Scaffold	1428	GCA_002574435.1	ftp://ftp.ncbi.nlm.nih.gov/genomes/all/GCA/002/574/435/GCA_002574435.1_ASM257443v1
1339881	Bacillus thuringiensis (firmicutes)	Scaffold	1428	GCA_002574365.1	ftp://ftp.ncbi.nlm.nih.gov/genomes/all/GCA/002/574/365/GCA_002574365.1_ASM257436v1
1339871	Bacillus thuringiensis (firmicutes)	Scaffold	1428	GCA_002574295.1	ftp://ftp.ncbi.nlm.nih.gov/genomes/all/GCA/002/574/295/GCA_002574295.1_ASM257429v1
1339861	Bacillus thuringiensis (firmicutes)	Scaffold	1428	GCA_002574325.1	ftp://ftp.ncbi.nlm.nih.gov/genomes/all/GCA/002/574/325/GCA_002574325.1_ASM257432v1
1339841	Bacillus thuringiensis (firmicutes)	Scaffold	1428	GCA_002574265.1	ftp://ftp.ncbi.nlm.nih.gov/genomes/all/GCA/002/574/265/GCA_002574265.1_ASM257426v1
1339781	Bacillus thuringiensis (firmicutes)	Scaffold	1428	GCA_002574115.1	ftp://ftp.ncbi.nlm.nih.gov/genomes/all/GCA/002/574/115/GCA_002574115.1_ASM257411v1
1339771	Bacillus thuringiensis (firmicutes)	Scaffold	1428	GCA_002574125.1	ftp://ftp.ncbi.nlm.nih.gov/genomes/all/GCA/002/574/125/GCA_002574125.1_ASM257412v1
1339751	Bacillus thuringiensis (firmicutes)	Scaffold	1428	GCA_002574095.1	ftp://ftp.ncbi.nlm.nih.gov/genomes/all/GCA/002/574/095/GCA_002574095.1_ASM257409v1
1339411	Bacillus thuringiensis (firmicutes)	Scaffold	1428	GCA_002573505.1	ftp://ftp.ncbi.nlm.nih.gov/genomes/all/GCA/002/573/505/GCA_002573505.1_ASM257350v1
1338861	Bacillus thuringiensis (firmicutes)	Scaffold	1428	GCA_002572135.1	ftp://ftp.ncbi.nlm.nih.gov/genomes/all/GCA/002/572/135/GCA_002572135.1_ASM257213v1
1338471	Bacillus thuringiensis (firmicutes)	Scaffold	1428	GCA_002571305.1	ftp://ftp.ncbi.nlm.nih.gov/genomes/all/GCA/002/571/305/GCA_002571305.1_ASM257130v1
1338441	Bacillus thuringiensis (firmicutes)	Scaffold	1428	GCA_002571315.1	ftp://ftp.ncbi.nlm.nih.gov/genomes/all/GCA/002/571/315/GCA_002571315.1_ASM257131v1
1338411	Bacillus thuringiensis (firmicutes)	Scaffold	1428	GCA_002571265.1	ftp://ftp.ncbi.nlm.nih.gov/genomes/all/GCA/002/571/265/GCA_002571265.1_ASM257126v1
1338381	Bacillus thuringiensis (firmicutes)	Scaffold	1428	GCA_002571245.1	ftp://ftp.ncbi.nlm.nih.gov/genomes/all/GCA/002/571/245/GCA_002571245.1_ASM257124v1
1338371	Bacillus thuringiensis (firmicutes)	Scaffold	1428	GCA_002571105.1	ftp://ftp.ncbi.nlm.nih.gov/genomes/all/GCA/002/571/105/GCA_002571105.1_ASM257110v1
1338331	Bacillus thuringiensis (firmicutes)	Scaffold	1428	GCA_002571115.1	ftp://ftp.ncbi.nlm.nih.gov/genomes/all/GCA/002/571/115/GCA_002571115.1_ASM257111v1
1338281	Bacillus thuringiensis (firmicutes)	Scaffold	1428	GCA_002571025.1	ftp://ftp.ncbi.nlm.nih.gov/genomes/all/GCA/002/571/025/GCA_002571025.1_ASM257102v1
1338251	Bacillus thuringiensis (firmicutes)	Scaffold	1428	GCA_002570855.1	ftp://ftp.ncbi.nlm.nih.gov/genomes/all/GCA/002/570/855/GCA_002570855.1_ASM257085v1
1338231	Bacillus thuringiensis (firmicutes)	Scaffold	1428	GCA_002570955.1	ftp://ftp.ncbi.nlm.nih.gov/genomes/all/GCA/002/570/955/GCA_002570955.1_ASM257095v1
1338221	Bacillus thuringiensis (firmicutes)	Scaffold	1428	GCA_002570925.1	ftp://ftp.ncbi.nlm.nih.gov/genomes/all/GCA/002/570/925/GCA_002570925.1_ASM257092v1
1338211	Bacillus thuringiensis (firmicutes)	Scaffold	1428	GCA_002570885.1	ftp://ftp.ncbi.nlm.nih.gov/genomes/all/GCA/002/570/885/GCA_002570885.1_ASM257088v1
1338201	Bacillus thuringiensis (firmicutes)	Scaffold	1428	GCA_002570735.1	ftp://ftp.ncbi.nlm.nih.gov/genomes/all/GCA/002/570/735/GCA_002570735.1_ASM257073v1
1338151	Bacillus thuringiensis (firmicutes)	Scaffold	1428	GCA_002570815.1	ftp://ftp.ncbi.nlm.nih.gov/genomes/all/GCA/002/570/815/GCA_002570815.1_ASM257081v1
1338131	Bacillus thuringiensis (firmicutes)	Scaffold	1428	GCA_002570705.1	ftp://ftp.ncbi.nlm.nih.gov/genomes/all/GCA/002/570/705/GCA_002570705.1_ASM257070v1
1338101	Bacillus thuringiensis (firmicutes)	Scaffold	1428	GCA_002570635.1	ftp://ftp.ncbi.nlm.nih.gov/genomes/all/GCA/002/570/635/GCA_002570635.1_ASM257063v1
1338091	Bacillus thuringiensis (firmicutes)	Scaffold	1428	GCA_002570585.1	ftp://ftp.ncbi.nlm.nih.gov/genomes/all/GCA/002/570/585/GCA_002570585.1_ASM257058v1
1338071	Bacillus thuringiensis (firmicutes)	Scaffold	1428	GCA_002570625.1	ftp://ftp.ncbi.nlm.nih.gov/genomes/all/GCA/002/570/625/GCA_002570625.1_ASM257062v1
1338041	Bacillus thuringiensis (firmicutes)	Scaffold	1428	GCA_002570475.1	ftp://ftp.ncbi.nlm.nih.gov/genomes/all/GCA/002/570/475/GCA_002570475.1_ASM257047v1
1338001	Bacillus thuringiensis (firmicutes)	Scaffold	1428	GCA_002570505.1	ftp://ftp.ncbi.nlm.nih.gov/genomes/all/GCA/002/570/505/GCA_002570505.1_ASM257050v1
1337701	Bacillus thuringiensis (firmicutes)	Scaffold	1428	GCA_002569825.1	ftp://ftp.ncbi.nlm.nih.gov/genomes/all/GCA/002/569/825/GCA_002569825.1_ASM256982v1
1337561	Bacillus thuringiensis (firmicutes)	Scaffold	1428	GCA_002569645.1	ftp://ftp.ncbi.nlm.nih.gov/genomes/all/GCA/002/569/645/GCA_002569645.1_ASM256964v1
1337381	Bacillus thuringiensis (firmicutes)	Scaffold	1428	GCA_002569275.1	ftp://ftp.ncbi.nlm.nih.gov/genomes/all/GCA/002/569/275/GCA_002569275.1_ASM256927v1
1337081	Bacillus thuringiensis (firmicutes)	Scaffold	1428	GCA_002568595.1	ftp://ftp.ncbi.nlm.nih.gov/genomes/all/GCA/002/568/595/GCA_002568595.1_ASM256859v1
1337061	Bacillus thuringiensis (firmicutes)	Scaffold	1428	GCA_002568585.1	ftp://ftp.ncbi.nlm.nih.gov/genomes/all/GCA/002/568/585/GCA_002568585.1_ASM256858v1
1337011	Bacillus thuringiensis (firmicutes)	Scaffold	1428	GCA_002568515.1	ftp://ftp.ncbi.nlm.nih.gov/genomes/all/GCA/002/568/515/GCA_002568515.1_ASM256851v1
1337001	Bacillus thuringiensis (firmicutes)	Scaffold	1428	GCA_002568525.1	ftp://ftp.ncbi.nlm.nih.gov/genomes/all/GCA/002/568/525/GCA_002568525.1_ASM256852v1
1336961	Bacillus thuringiensis (firmicutes)	Scaffold	1428	GCA_002568385.1	ftp://ftp.ncbi.nlm.nih.gov/genomes/all/GCA/002/568/385/GCA_002568385.1_ASM256838v1
1336931	Bacillus thuringiensis (firmicutes)	Scaffold	1428	GCA_002568345.1	ftp://ftp.ncbi.nlm.nih.gov/genomes/all/GCA/002/568/345/GCA_002568345.1_ASM256834v1
1336891	Bacillus thuringiensis (firmicutes)	Scaffold	1428	GCA_002568285.1	ftp://ftp.ncbi.nlm.nih.gov/genomes/all/GCA/002/568/285/GCA_002568285.1_ASM256828v1
1336841	Bacillus thuringiensis (firmicutes)	Scaffold	1428	GCA_002568175.1	ftp://ftp.ncbi.nlm.nih.gov/genomes/all/GCA/002/568/175/GCA_002568175.1_ASM256817v1
1336811	Bacillus thuringiensis (firmicutes)	Scaffold	1428	GCA_002568045.1	ftp://ftp.ncbi.nlm.nih.gov/genomes/all/GCA/002/568/045/GCA_002568045.1_ASM256804v1
1336791	Bacillus thuringiensis (firmicutes)	Scaffold	1428	GCA_002568085.1	ftp://ftp.ncbi.nlm.nih.gov/genomes/all/GCA/002/568/085/GCA_002568085.1_ASM256808v1
1336771	Bacillus thuringiensis (firmicutes)	Scaffold	1428	GCA_002568055.1	ftp://ftp.ncbi.nlm.nih.gov/genomes/all/GCA/002/568/055/GCA_002568055.1_ASM256805v1
1336761	Bacillus thuringiensis (firmicutes)	Scaffold	1428	GCA_002567995.1	ftp://ftp.ncbi.nlm.nih.gov/genomes/all/GCA/002/567/995/GCA_002567995.1_ASM256799v1
1336751	Bacillus thuringiensis (firmicutes)	Scaffold	1428	GCA_002567955.1	ftp://ftp.ncbi.nlm.nih.gov/genomes/all/GCA/002/567/955/GCA_002567955.1_ASM256795v1
1336721	Bacillus thuringiensis (firmicutes)	Scaffold	1428	GCA_002567945.1	ftp://ftp.ncbi.nlm.nih.gov/genomes/all/GCA/002/567/945/GCA_002567945.1_ASM256794v1
1336711	Bacillus thuringiensis (firmicutes)	Scaffold	1428	GCA_002567905.1	ftp://ftp.ncbi.nlm.nih.gov/genomes/all/GCA/002/567/905/GCA_002567905.1_ASM256790v1
1336701	Bacillus thuringiensis (firmicutes)	Scaffold	1428	GCA_002567875.1	ftp://ftp.ncbi.nlm.nih.gov/genomes/all/GCA/002/567/875/GCA_002567875.1_ASM256787v1
1336681	Bacillus thuringiensis (firmicutes)	Scaffold	1428	GCA_002567865.1	ftp://ftp.ncbi.nlm.nih.gov/genomes/all/GCA/002/567/865/GCA_002567865.1_ASM256786v1
1336601	Bacillus thuringiensis (firmicutes)	Scaffold	1428	GCA_002567585.1	ftp://ftp.ncbi.nlm.nih.gov/genomes/all/GCA/002/567/585/GCA_002567585.1_ASM256758v1
1336411	Bacillus thuringiensis (firmicutes)	Scaffold	1428	GCA_002567295.1	ftp://ftp.ncbi.nlm.nih.gov/genomes/all/GCA/002/567/295/GCA_002567295.1_ASM256729v1
1336391	Bacillus thuringiensis (firmicutes)	Scaffold	1428	GCA_002567265.1	ftp://ftp.ncbi.nlm.nih.gov/genomes/all/GCA/002/567/265/GCA_002567265.1_ASM256726v1
1336361	Bacillus thuringiensis (firmicutes)	Scaffold	1428	GCA_002567205.1	ftp://ftp.ncbi.nlm.nih.gov/genomes/all/GCA/002/567/205/GCA_002567205.1_ASM256720v1
1336211	Bacillus thuringiensis (firmicutes)	Scaffold	1428	GCA_002566935.1	ftp://ftp.ncbi.nlm.nih.gov/genomes/all/GCA/002/566/935/GCA_002566935.1_ASM256693v1
1336121	Bacillus thuringiensis (firmicutes)	Scaffold	1428	GCA_002566715.1	ftp://ftp.ncbi.nlm.nih.gov/genomes/all/GCA/002/566/715/GCA_002566715.1_ASM256671v1
1336071	Bacillus thuringiensis (firmicutes)	Scaffold	1428	GCA_002566645.1	ftp://ftp.ncbi.nlm.nih.gov/genomes/all/GCA/002/566/645/GCA_002566645.1_ASM256664v1
1336061	Bacillus thuringiensis (firmicutes)	Scaffold	1428	GCA_002566545.1	ftp://ftp.ncbi.nlm.nih.gov/genomes/all/GCA/002/566/545/GCA_002566545.1_ASM256654v1
1336031	Bacillus thuringiensis (firmicutes)	Scaffold	1428	GCA_002566555.1	ftp://ftp.ncbi.nlm.nih.gov/genomes/all/GCA/002/566/555/GCA_002566555.1_ASM256655v1
1335991	Bacillus thuringiensis (firmicutes)	Scaffold	1428	GCA_002566485.1	ftp://ftp.ncbi.nlm.nih.gov/genomes/all/GCA/002/566/485/GCA_002566485.1_ASM256648v1
1335951	Bacillus thuringiensis (firmicutes)	Scaffold	1428	GCA_002566395.1	ftp://ftp.ncbi.nlm.nih.gov/genomes/all/GCA/002/566/395/GCA_002566395.1_ASM256639v1
1335931	Bacillus thuringiensis (firmicutes)	Scaffold	1428	GCA_002566355.1	ftp://ftp.ncbi.nlm.nih.gov/genomes/all/GCA/002/566/355/GCA_002566355.1_ASM256635v1
1335901	Bacillus thuringiensis (firmicutes)	Scaffold	1428	GCA_002566325.1	ftp://ftp.ncbi.nlm.nih.gov/genomes/all/GCA/002/566/325/GCA_002566325.1_ASM256632v1
1335881	Bacillus thuringiensis (firmicutes)	Scaffold	1428	GCA_002566295.1	ftp://ftp.ncbi.nlm.nih.gov/genomes/all/GCA/002/566/295/GCA_002566295.1_ASM256629v1
1335831	Bacillus thuringiensis (firmicutes)	Scaffold	1428	GCA_002566135.1	ftp://ftp.ncbi.nlm.nih.gov/genomes/all/GCA/002/566/135/GCA_002566135.1_ASM256613v1
1335811	Bacillus thuringiensis (firmicutes)	Scaffold	1428	GCA_002566145.1	ftp://ftp.ncbi.nlm.nih.gov/genomes/all/GCA/002/566/145/GCA_002566145.1_ASM256614v1
1335721	Bacillus thuringiensis (firmicutes)	Scaffold	1428	GCA_002565945.1	ftp://ftp.ncbi.nlm.nih.gov/genomes/all/GCA/002/565/945/GCA_002565945.1_ASM256594v1
1335711	Bacillus thuringiensis (firmicutes)	Scaffold	1428	GCA_002565905.1	ftp://ftp.ncbi.nlm.nih.gov/genomes/all/GCA/002/565/905/GCA_002565905.1_ASM256590v1
1335671	Bacillus thuringiensis (firmicutes)	Scaffold	1428	GCA_002565845.1	ftp://ftp.ncbi.nlm.nih.gov/genomes/all/GCA/002/565/845/GCA_002565845.1_ASM256584v1
1335461	Bacillus thuringiensis (firmicutes)	Scaffold	1428	GCA_002565435.1	ftp://ftp.ncbi.nlm.nih.gov/genomes/all/GCA/002/565/435/GCA_002565435.1_ASM256543v1
1335451	Bacillus thuringiensis (firmicutes)	Contig	1428	GCA_002565385.1	ftp://ftp.ncbi.nlm.nih.gov/genomes/all/GCA/002/565/385/GCA_002565385.1_ASM256538v1
1335371	Bacillus thuringiensis (firmicutes)	Scaffold	1428	GCA_002565265.1	ftp://ftp.ncbi.nlm.nih.gov/genomes/all/GCA/002/565/265/GCA_002565265.1_ASM256526v1
1335341	Bacillus thuringiensis (firmicutes)	Scaffold	1428	GCA_002565195.1	ftp://ftp.ncbi.nlm.nih.gov/genomes/all/GCA/002/565/195/GCA_002565195.1_ASM256519v1
1335311	Bacillus thuringiensis (firmicutes)	Scaffold	1428	GCA_002565105.1	ftp://ftp.ncbi.nlm.nih.gov/genomes/all/GCA/002/565/105/GCA_002565105.1_ASM256510v1
1335291	Bacillus thuringiensis (firmicutes)	Scaffold	1428	GCA_002565085.1	ftp://ftp.ncbi.nlm.nih.gov/genomes/all/GCA/002/565/085/GCA_002565085.1_ASM256508v1
1335231	Bacillus thuringiensis (firmicutes)	Scaffold	1428	GCA_002564955.1	ftp://ftp.ncbi.nlm.nih.gov/genomes/all/GCA/002/564/955/GCA_002564955.1_ASM256495v1
1335071	Bacillus thuringiensis (firmicutes)	Scaffold	1428	GCA_002564645.1	ftp://ftp.ncbi.nlm.nih.gov/genomes/all/GCA/002/564/645/GCA_002564645.1_ASM256464v1
1335031	Bacillus thuringiensis (firmicutes)	Scaffold	1428	GCA_002564545.1	ftp://ftp.ncbi.nlm.nih.gov/genomes/all/GCA/002/564/545/GCA_002564545.1_ASM256454v1
1335001	Bacillus thuringiensis (firmicutes)	Scaffold	1428	GCA_002564505.1	ftp://ftp.ncbi.nlm.nih.gov/genomes/all/GCA/002/564/505/GCA_002564505.1_ASM256450v1
1334951	Bacillus thuringiensis (firmicutes)	Scaffold	1428	GCA_002564405.1	ftp://ftp.ncbi.nlm.nih.gov/genomes/all/GCA/002/564/405/GCA_002564405.1_ASM256440v1
1334411	Bacillus thuringiensis (firmicutes)	Scaffold	1428	GCA_002563275.1	ftp://ftp.ncbi.nlm.nih.gov/genomes/all/GCA/002/563/275/GCA_002563275.1_ASM256327v1
1334401	Bacillus thuringiensis (firmicutes)	Scaffold	1428	GCA_002563205.1	ftp://ftp.ncbi.nlm.nih.gov/genomes/all/GCA/002/563/205/GCA_002563205.1_ASM256320v1
1334361	Bacillus thuringiensis (firmicutes)	Scaffold	1428	GCA_002563145.1	ftp://ftp.ncbi.nlm.nih.gov/genomes/all/GCA/002/563/145/GCA_002563145.1_ASM256314v1
1334351	Bacillus thuringiensis (firmicutes)	Scaffold	1428	GCA_002563165.1	ftp://ftp.ncbi.nlm.nih.gov/genomes/all/GCA/002/563/165/GCA_002563165.1_ASM256316v1
1334291	Bacillus thuringiensis (firmicutes)	Scaffold	1428	GCA_002563045.1	ftp://ftp.ncbi.nlm.nih.gov/genomes/all/GCA/002/563/045/GCA_002563045.1_ASM256304v1
1334261	Bacillus thuringiensis (firmicutes)	Scaffold	1428	GCA_002562975.1	ftp://ftp.ncbi.nlm.nih.gov/genomes/all/GCA/002/562/975/GCA_002562975.1_ASM256297v1
1334241	Bacillus thuringiensis (firmicutes)	Scaffold	1428	GCA_002562915.1	ftp://ftp.ncbi.nlm.nih.gov/genomes/all/GCA/002/562/915/GCA_002562915.1_ASM256291v1
1334111	Bacillus thuringiensis (firmicutes)	Scaffold	1428	GCA_002562665.1	ftp://ftp.ncbi.nlm.nih.gov/genomes/all/GCA/002/562/665/GCA_002562665.1_ASM256266v1
1334001	Bacillus thuringiensis (firmicutes)	Scaffold	1428	GCA_002562425.1	ftp://ftp.ncbi.nlm.nih.gov/genomes/all/GCA/002/562/425/GCA_002562425.1_ASM256242v1
1333981	Bacillus thuringiensis (firmicutes)	Scaffold	1428	GCA_002562415.1	ftp://ftp.ncbi.nlm.nih.gov/genomes/all/GCA/002/562/415/GCA_002562415.1_ASM256241v1
1333931	Bacillus thuringiensis (firmicutes)	Scaffold	1428	GCA_002562295.1	ftp://ftp.ncbi.nlm.nih.gov/genomes/all/GCA/002/562/295/GCA_002562295.1_ASM256229v1
1333891	Bacillus thuringiensis (firmicutes)	Scaffold	1428	GCA_002562205.1	ftp://ftp.ncbi.nlm.nih.gov/genomes/all/GCA/002/562/205/GCA_002562205.1_ASM256220v1
1333831	Bacillus thuringiensis (firmicutes)	Scaffold	1428	GCA_002562035.1	ftp://ftp.ncbi.nlm.nih.gov/genomes/all/GCA/002/562/035/GCA_002562035.1_ASM256203v1
1333801	Bacillus thuringiensis (firmicutes)	Scaffold	1428	GCA_002562055.1	ftp://ftp.ncbi.nlm.nih.gov/genomes/all/GCA/002/562/055/GCA_002562055.1_ASM256205v1
1333791	Bacillus thuringiensis (firmicutes)	Scaffold	1428	GCA_002562045.1	ftp://ftp.ncbi.nlm.nih.gov/genomes/all/GCA/002/562/045/GCA_002562045.1_ASM256204v1
1333701	Bacillus thuringiensis (firmicutes)	Scaffold	1428	GCA_002561825.1	ftp://ftp.ncbi.nlm.nih.gov/genomes/all/GCA/002/561/825/GCA_002561825.1_ASM256182v1
1333671	Bacillus thuringiensis (firmicutes)	Scaffold	1428	GCA_002561795.1	ftp://ftp.ncbi.nlm.nih.gov/genomes/all/GCA/002/561/795/GCA_002561795.1_ASM256179v1
1333631	Bacillus thuringiensis (firmicutes)	Scaffold	1428	GCA_002561735.1	ftp://ftp.ncbi.nlm.nih.gov/genomes/all/GCA/002/561/735/GCA_002561735.1_ASM256173v1
1333621	Bacillus thuringiensis (firmicutes)	Scaffold	1428	GCA_002561665.1	ftp://ftp.ncbi.nlm.nih.gov/genomes/all/GCA/002/561/665/GCA_002561665.1_ASM256166v1
1333611	Bacillus thuringiensis (firmicutes)	Scaffold	1428	GCA_002561645.1	ftp://ftp.ncbi.nlm.nih.gov/genomes/all/GCA/002/561/645/GCA_002561645.1_ASM256164v1
1333581	Bacillus thuringiensis (firmicutes)	Scaffold	1428	GCA_002561585.1	ftp://ftp.ncbi.nlm.nih.gov/genomes/all/GCA/002/561/585/GCA_002561585.1_ASM256158v1
1333531	Bacillus thuringiensis (firmicutes)	Scaffold	1428	GCA_002561465.1	ftp://ftp.ncbi.nlm.nih.gov/genomes/all/GCA/002/561/465/GCA_002561465.1_ASM256146v1
1333511	Bacillus thuringiensis (firmicutes)	Scaffold	1428	GCA_002561475.1	ftp://ftp.ncbi.nlm.nih.gov/genomes/all/GCA/002/561/475/GCA_002561475.1_ASM256147v1
1333481	Bacillus thuringiensis (firmicutes)	Scaffold	1428	GCA_002561375.1	ftp://ftp.ncbi.nlm.nih.gov/genomes/all/GCA/002/561/375/GCA_002561375.1_ASM256137v1
1333441	Bacillus thuringiensis (firmicutes)	Scaffold	1428	GCA_002561335.1	ftp://ftp.ncbi.nlm.nih.gov/genomes/all/GCA/002/561/335/GCA_002561335.1_ASM256133v1
1333411	Bacillus thuringiensis (firmicutes)	Scaffold	1428	GCA_002561275.1	ftp://ftp.ncbi.nlm.nih.gov/genomes/all/GCA/002/561/275/GCA_002561275.1_ASM256127v1
1333361	Bacillus thuringiensis (firmicutes)	Scaffold	1428	GCA_002561175.1	ftp://ftp.ncbi.nlm.nih.gov/genomes/all/GCA/002/561/175/GCA_002561175.1_ASM256117v1
1333321	Bacillus thuringiensis (firmicutes)	Scaffold	1428	GCA_002561045.1	ftp://ftp.ncbi.nlm.nih.gov/genomes/all/GCA/002/561/045/GCA_002561045.1_ASM256104v1
1333231	Bacillus thuringiensis (firmicutes)	Scaffold	1428	GCA_002560925.1	ftp://ftp.ncbi.nlm.nih.gov/genomes/all/GCA/002/560/925/GCA_002560925.1_ASM256092v1
1333221	Bacillus thuringiensis (firmicutes)	Scaffold	1428	GCA_002560875.1	ftp://ftp.ncbi.nlm.nih.gov/genomes/all/GCA/002/560/875/GCA_002560875.1_ASM256087v1
1333211	Bacillus thuringiensis (firmicutes)	Scaffold	1428	GCA_002560885.1	ftp://ftp.ncbi.nlm.nih.gov/genomes/all/GCA/002/560/885/GCA_002560885.1_ASM256088v1
1333201	Bacillus thuringiensis (firmicutes)	Scaffold	1428	GCA_002560855.1	ftp://ftp.ncbi.nlm.nih.gov/genomes/all/GCA/002/560/855/GCA_002560855.1_ASM256085v1
1333181	Bacillus thuringiensis (firmicutes)	Scaffold	1428	GCA_002560815.1	ftp://ftp.ncbi.nlm.nih.gov/genomes/all/GCA/002/560/815/GCA_002560815.1_ASM256081v1
1333171	Bacillus thuringiensis (firmicutes)	Scaffold	1428	GCA_002560805.1	ftp://ftp.ncbi.nlm.nih.gov/genomes/all/GCA/002/560/805/GCA_002560805.1_ASM256080v1
1333161	Bacillus thuringiensis (firmicutes)	Scaffold	1428	GCA_002560695.1	ftp://ftp.ncbi.nlm.nih.gov/genomes/all/GCA/002/560/695/GCA_002560695.1_ASM256069v1
1333101	Bacillus thuringiensis (firmicutes)	Contig	1428	GCA_002560645.1	ftp://ftp.ncbi.nlm.nih.gov/genomes/all/GCA/002/560/645/GCA_002560645.1_ASM256064v1
1333091	Bacillus thuringiensis (firmicutes)	Scaffold	1428	GCA_002560605.1	ftp://ftp.ncbi.nlm.nih.gov/genomes/all/GCA/002/560/605/GCA_002560605.1_ASM256060v1
1333031	Bacillus thuringiensis (firmicutes)	Scaffold	1428	GCA_002560515.1	ftp://ftp.ncbi.nlm.nih.gov/genomes/all/GCA/002/560/515/GCA_002560515.1_ASM256051v1
1333011	Bacillus thuringiensis (firmicutes)	Scaffold	1428	GCA_002560465.1	ftp://ftp.ncbi.nlm.nih.gov/genomes/all/GCA/002/560/465/GCA_002560465.1_ASM256046v1
1333001	Bacillus thuringiensis (firmicutes)	Scaffold	1428	GCA_002560455.1	ftp://ftp.ncbi.nlm.nih.gov/genomes/all/GCA/002/560/455/GCA_002560455.1_ASM256045v1
1332951	Bacillus thuringiensis (firmicutes)	Scaffold	1428	GCA_002560305.1	ftp://ftp.ncbi.nlm.nih.gov/genomes/all/GCA/002/560/305/GCA_002560305.1_ASM256030v1
1332941	Bacillus thuringiensis (firmicutes)	Scaffold	1428	GCA_002560335.1	ftp://ftp.ncbi.nlm.nih.gov/genomes/all/GCA/002/560/335/GCA_002560335.1_ASM256033v1
1332801	Bacillus thuringiensis (firmicutes)	Scaffold	1428	GCA_002560055.1	ftp://ftp.ncbi.nlm.nih.gov/genomes/all/GCA/002/560/055/GCA_002560055.1_ASM256005v1
1332791	Bacillus thuringiensis (firmicutes)	Scaffold	1428	GCA_002559955.1	ftp://ftp.ncbi.nlm.nih.gov/genomes/all/GCA/002/559/955/GCA_002559955.1_ASM255995v1
1332771	Bacillus thuringiensis (firmicutes)	Scaffold	1428	GCA_002560005.1	ftp://ftp.ncbi.nlm.nih.gov/genomes/all/GCA/002/560/005/GCA_002560005.1_ASM256000v1
1332731	Bacillus thuringiensis (firmicutes)	Scaffold	1428	GCA_002559875.1	ftp://ftp.ncbi.nlm.nih.gov/genomes/all/GCA/002/559/875/GCA_002559875.1_ASM255987v1
1332701	Bacillus thuringiensis (firmicutes)	Scaffold	1428	GCA_002559855.1	ftp://ftp.ncbi.nlm.nih.gov/genomes/all/GCA/002/559/855/GCA_002559855.1_ASM255985v1
1332691	Bacillus thuringiensis (firmicutes)	Scaffold	1428	GCA_002559825.1	ftp://ftp.ncbi.nlm.nih.gov/genomes/all/GCA/002/559/825/GCA_002559825.1_ASM255982v1
1332541	Bacillus thuringiensis (firmicutes)	Scaffold	1428	GCA_002559535.1	ftp://ftp.ncbi.nlm.nih.gov/genomes/all/GCA/002/559/535/GCA_002559535.1_ASM255953v1
1332431	Bacillus thuringiensis (firmicutes)	Scaffold	1428	GCA_002559295.1	ftp://ftp.ncbi.nlm.nih.gov/genomes/all/GCA/002/559/295/GCA_002559295.1_ASM255929v1
1332261	Bacillus thuringiensis (firmicutes)	Scaffold	1428	GCA_002558995.1	ftp://ftp.ncbi.nlm.nih.gov/genomes/all/GCA/002/558/995/GCA_002558995.1_ASM255899v1
1332231	Bacillus thuringiensis (firmicutes)	Scaffold	1428	GCA_002558915.1	ftp://ftp.ncbi.nlm.nih.gov/genomes/all/GCA/002/558/915/GCA_002558915.1_ASM255891v1
1332191	Bacillus thuringiensis (firmicutes)	Scaffold	1428	GCA_002558815.1	ftp://ftp.ncbi.nlm.nih.gov/genomes/all/GCA/002/558/815/GCA_002558815.1_ASM255881v1
1332181	Bacillus thuringiensis (firmicutes)	Scaffold	1428	GCA_002558795.1	ftp://ftp.ncbi.nlm.nih.gov/genomes/all/GCA/002/558/795/GCA_002558795.1_ASM255879v1
1332091	Bacillus thuringiensis (firmicutes)	Scaffold	1428	GCA_002558635.1	ftp://ftp.ncbi.nlm.nih.gov/genomes/all/GCA/002/558/635/GCA_002558635.1_ASM255863v1
1332071	Bacillus thuringiensis (firmicutes)	Scaffold	1428	GCA_002558595.1	ftp://ftp.ncbi.nlm.nih.gov/genomes/all/GCA/002/558/595/GCA_002558595.1_ASM255859v1
1332061	Bacillus thuringiensis (firmicutes)	Scaffold	1428	GCA_002558525.1	ftp://ftp.ncbi.nlm.nih.gov/genomes/all/GCA/002/558/525/GCA_002558525.1_ASM255852v1
1332051	Bacillus thuringiensis (firmicutes)	Scaffold	1428	GCA_002558555.1	ftp://ftp.ncbi.nlm.nih.gov/genomes/all/GCA/002/558/555/GCA_002558555.1_ASM255855v1
1332041	Bacillus thuringiensis (firmicutes)	Scaffold	1428	GCA_002558545.1	ftp://ftp.ncbi.nlm.nih.gov/genomes/all/GCA/002/558/545/GCA_002558545.1_ASM255854v1
1331971	Bacillus thuringiensis (firmicutes)	Scaffold	1428	GCA_002558385.1	ftp://ftp.ncbi.nlm.nih.gov/genomes/all/GCA/002/558/385/GCA_002558385.1_ASM255838v1
1331951	Bacillus thuringiensis (firmicutes)	Scaffold	1428	GCA_002558355.1	ftp://ftp.ncbi.nlm.nih.gov/genomes/all/GCA/002/558/355/GCA_002558355.1_ASM255835v1
1331941	Bacillus thuringiensis (firmicutes)	Scaffold	1428	GCA_002558335.1	ftp://ftp.ncbi.nlm.nih.gov/genomes/all/GCA/002/558/335/GCA_002558335.1_ASM255833v1
1331901	Bacillus thuringiensis (firmicutes)	Scaffold	1428	GCA_002558235.1	ftp://ftp.ncbi.nlm.nih.gov/genomes/all/GCA/002/558/235/GCA_002558235.1_ASM255823v1
1331811	Bacillus thuringiensis (firmicutes)	Scaffold	1428	GCA_002558075.1	ftp://ftp.ncbi.nlm.nih.gov/genomes/all/GCA/002/558/075/GCA_002558075.1_ASM255807v1
1331801	Bacillus thuringiensis (firmicutes)	Scaffold	1428	GCA_002558015.1	ftp://ftp.ncbi.nlm.nih.gov/genomes/all/GCA/002/558/015/GCA_002558015.1_ASM255801v1
1331791	Bacillus thuringiensis (firmicutes)	Scaffold	1428	GCA_002558035.1	ftp://ftp.ncbi.nlm.nih.gov/genomes/all/GCA/002/558/035/GCA_002558035.1_ASM255803v1
1330451	Bacillus thuringiensis (firmicutes)	Scaffold	1428	GCA_002555365.1	ftp://ftp.ncbi.nlm.nih.gov/genomes/all/GCA/002/555/365/GCA_002555365.1_ASM255536v1
1329251	Bacillus thuringiensis (firmicutes)	Scaffold	1428	GCA_002553315.1	ftp://ftp.ncbi.nlm.nih.gov/genomes/all/GCA/002/553/315/GCA_002553315.1_ASM255331v1
1329191	Bacillus thuringiensis (firmicutes)	Scaffold	1428	GCA_002553205.1	ftp://ftp.ncbi.nlm.nih.gov/genomes/all/GCA/002/553/205/GCA_002553205.1_ASM255320v1
1329131	Bacillus thuringiensis (firmicutes)	Scaffold	1428	GCA_002553105.1	ftp://ftp.ncbi.nlm.nih.gov/genomes/all/GCA/002/553/105/GCA_002553105.1_ASM255310v1
1329121	Bacillus thuringiensis (firmicutes)	Scaffold	1428	GCA_002553055.1	ftp://ftp.ncbi.nlm.nih.gov/genomes/all/GCA/002/553/055/GCA_002553055.1_ASM255305v1
1329111	Bacillus thuringiensis (firmicutes)	Scaffold	1428	GCA_002553045.1	ftp://ftp.ncbi.nlm.nih.gov/genomes/all/GCA/002/553/045/GCA_002553045.1_ASM255304v1
1329101	Bacillus thuringiensis (firmicutes)	Scaffold	1428	GCA_002553035.1	ftp://ftp.ncbi.nlm.nih.gov/genomes/all/GCA/002/553/035/GCA_002553035.1_ASM255303v1
1329081	Bacillus thuringiensis (firmicutes)	Scaffold	1428	GCA_002552985.1	ftp://ftp.ncbi.nlm.nih.gov/genomes/all/GCA/002/552/985/GCA_002552985.1_ASM255298v1
1329051	Bacillus thuringiensis (firmicutes)	Scaffold	1428	GCA_002552915.1	ftp://ftp.ncbi.nlm.nih.gov/genomes/all/GCA/002/552/915/GCA_002552915.1_ASM255291v1
1329041	Bacillus thuringiensis (firmicutes)	Scaffold	1428	GCA_002552905.1	ftp://ftp.ncbi.nlm.nih.gov/genomes/all/GCA/002/552/905/GCA_002552905.1_ASM255290v1
1328801	Bacillus thuringiensis (firmicutes)	Scaffold	1428	GCA_002552415.1	ftp://ftp.ncbi.nlm.nih.gov/genomes/all/GCA/002/552/415/GCA_002552415.1_ASM255241v1
1328781	Bacillus thuringiensis (firmicutes)	Scaffold	1428	GCA_002552395.1	ftp://ftp.ncbi.nlm.nih.gov/genomes/all/GCA/002/552/395/GCA_002552395.1_ASM255239v1
1328751	Bacillus thuringiensis (firmicutes)	Scaffold	1428	GCA_002552325.1	ftp://ftp.ncbi.nlm.nih.gov/genomes/all/GCA/002/552/325/GCA_002552325.1_ASM255232v1
1328701	Bacillus thuringiensis (firmicutes)	Scaffold	1428	GCA_002552245.1	ftp://ftp.ncbi.nlm.nih.gov/genomes/all/GCA/002/552/245/GCA_002552245.1_ASM255224v1
1328631	Bacillus thuringiensis (firmicutes)	Scaffold	1428	GCA_002552095.1	ftp://ftp.ncbi.nlm.nih.gov/genomes/all/GCA/002/552/095/GCA_002552095.1_ASM255209v1
1328601	Bacillus thuringiensis (firmicutes)	Scaffold	1428	GCA_002552035.1	ftp://ftp.ncbi.nlm.nih.gov/genomes/all/GCA/002/552/035/GCA_002552035.1_ASM255203v1
1328561	Bacillus thuringiensis (firmicutes)	Contig	1428	GCA_002551955.1	ftp://ftp.ncbi.nlm.nih.gov/genomes/all/GCA/002/551/955/GCA_002551955.1_ASM255195v1
1328541	Bacillus thuringiensis (firmicutes)	Scaffold	1428	GCA_002551895.1	ftp://ftp.ncbi.nlm.nih.gov/genomes/all/GCA/002/551/895/GCA_002551895.1_ASM255189v1
1328531	Bacillus thuringiensis (firmicutes)	Scaffold	1428	GCA_002551885.1	ftp://ftp.ncbi.nlm.nih.gov/genomes/all/GCA/002/551/885/GCA_002551885.1_ASM255188v1
1328481	Bacillus thuringiensis (firmicutes)	Scaffold	1428	GCA_002551805.1	ftp://ftp.ncbi.nlm.nih.gov/genomes/all/GCA/002/551/805/GCA_002551805.1_ASM255180v1
1328431	Bacillus thuringiensis (firmicutes)	Scaffold	1428	GCA_002551695.1	ftp://ftp.ncbi.nlm.nih.gov/genomes/all/GCA/002/551/695/GCA_002551695.1_ASM255169v1
1328411	Bacillus thuringiensis (firmicutes)	Scaffold	1428	GCA_002551615.1	ftp://ftp.ncbi.nlm.nih.gov/genomes/all/GCA/002/551/615/GCA_002551615.1_ASM255161v1
1327831	Bacillus thuringiensis (firmicutes)	Scaffold	1428	GCA_002550955.1	ftp://ftp.ncbi.nlm.nih.gov/genomes/all/GCA/002/550/955/GCA_002550955.1_ASM255095v1
1327811	Bacillus thuringiensis (firmicutes)	Scaffold	1428	GCA_002550915.1	ftp://ftp.ncbi.nlm.nih.gov/genomes/all/GCA/002/550/915/GCA_002550915.1_ASM255091v1
1327751	Bacillus thuringiensis (firmicutes)	Scaffold	1428	GCA_002550785.1	ftp://ftp.ncbi.nlm.nih.gov/genomes/all/GCA/002/550/785/GCA_002550785.1_ASM255078v1
1327731	Bacillus thuringiensis (firmicutes)	Scaffold	1428	GCA_002550745.1	ftp://ftp.ncbi.nlm.nih.gov/genomes/all/GCA/002/550/745/GCA_002550745.1_ASM255074v1
1327661	Bacillus thuringiensis (firmicutes)	Scaffold	1428	GCA_002550605.1	ftp://ftp.ncbi.nlm.nih.gov/genomes/all/GCA/002/550/605/GCA_002550605.1_ASM255060v1
1327581	Bacillus thuringiensis (firmicutes)	Scaffold	1428	GCA_002550455.1	ftp://ftp.ncbi.nlm.nih.gov/genomes/all/GCA/002/550/455/GCA_002550455.1_ASM255045v1
1327491	Bacillus thuringiensis (firmicutes)	Scaffold	1428	GCA_002550295.1	ftp://ftp.ncbi.nlm.nih.gov/genomes/all/GCA/002/550/295/GCA_002550295.1_ASM255029v1
1327461	Bacillus thuringiensis (firmicutes)	Scaffold	1428	GCA_002550215.1	ftp://ftp.ncbi.nlm.nih.gov/genomes/all/GCA/002/550/215/GCA_002550215.1_ASM255021v1
1327441	Bacillus thuringiensis (firmicutes)	Scaffold	1428	GCA_002550185.1	ftp://ftp.ncbi.nlm.nih.gov/genomes/all/GCA/002/550/185/GCA_002550185.1_ASM255018v1
1327391	Bacillus thuringiensis (firmicutes)	Scaffold	1428	GCA_002550055.1	ftp://ftp.ncbi.nlm.nih.gov/genomes/all/GCA/002/550/055/GCA_002550055.1_ASM255005v1
1241071	Bacillus thuringiensis (firmicutes)	Scaffold	1428	GCA_002385135.1	ftp://ftp.ncbi.nlm.nih.gov/genomes/all/GCA/002/385/135/GCA_002385135.1_ASM238513v1
1166841	Bacillus thuringiensis (firmicutes)	Complete Genome	1428	GCA_002243685.1	ftp://ftp.ncbi.nlm.nih.gov/genomes/all/GCA/002/243/685/GCA_002243685.1_ASM224368v1
1162871	Bacillus thuringiensis (firmicutes)	Scaffold	1428	GCA_002236945.1	ftp://ftp.ncbi.nlm.nih.gov/genomes/all/GCA/002/236/945/GCA_002236945.1_ASM223694v1
1155421	Bacillus thuringiensis (firmicutes)	Complete Genome	1428	GCA_002222555.1	ftp://ftp.ncbi.nlm.nih.gov/genomes/all/GCA/002/222/555/GCA_002222555.1_ASM222255v1
1132031	Bacillus thuringiensis (firmicutes)	Complete Genome	1428	GCA_002192515.1	ftp://ftp.ncbi.nlm.nih.gov/genomes/all/GCA/002/192/515/GCA_002192515.1_ASM219251v1
1127641	Bacillus thuringiensis (firmicutes)	Complete Genome	1428	GCA_002184245.1	ftp://ftp.ncbi.nlm.nih.gov/genomes/all/GCA/002/184/245/GCA_002184245.1_ASM218424v1
1121321	Bacillus thuringiensis (firmicutes)	Complete Genome	1428	GCA_002173755.1	ftp://ftp.ncbi.nlm.nih.gov/genomes/all/GCA/002/173/755/GCA_002173755.1_ASM217375v1
1112761	Bacillus thuringiensis (firmicutes)	Scaffold	1428	GCA_900094685.1	ftp://ftp.ncbi.nlm.nih.gov/genomes/all/GCA/900/094/685/GCA_900094685.1_ASM90009468v1
1105981	Bacillus thuringiensis serovar medellin (firmicutes)	Scaffold	79672	GCA_002148155.1	ftp://ftp.ncbi.nlm.nih.gov/genomes/all/GCA/002/148/155/GCA_002148155.1_ASM214815v1
1105971	Bacillus thuringiensis serovar sinensis (firmicutes)	Scaffold	1042875	GCA_002148135.1	ftp://ftp.ncbi.nlm.nih.gov/genomes/all/GCA/002/148/135/GCA_002148135.1_ASM214813v1
1105961	Bacillus thuringiensis serovar indiana (firmicutes)	Scaffold	180850	GCA_002148105.1	ftp://ftp.ncbi.nlm.nih.gov/genomes/all/GCA/002/148/105/GCA_002148105.1_ASM214810v1
1105951	Bacillus thuringiensis serovar dakota (firmicutes)	Scaffold	132268	GCA_002148095.1	ftp://ftp.ncbi.nlm.nih.gov/genomes/all/GCA/002/148/095/GCA_002148095.1_ASM214809v1
1105941	Bacillus thuringiensis serovar zhaodongensis (firmicutes)	Scaffold	180896	GCA_002148065.1	ftp://ftp.ncbi.nlm.nih.gov/genomes/all/GCA/002/148/065/GCA_002148065.1_ASM214806v1
1105931	Bacillus thuringiensis serovar jegathesan (firmicutes)	Scaffold	56955	GCA_002148045.1	ftp://ftp.ncbi.nlm.nih.gov/genomes/all/GCA/002/148/045/GCA_002148045.1_ASM214804v1
1105921	[Bacillus thuringiensis] serovar konkukian (firmicutes)	Scaffold	180856	GCA_002148025.1	ftp://ftp.ncbi.nlm.nih.gov/genomes/all/GCA/002/148/025/GCA_002148025.1_ASM214802v1
1105911	Bacillus thuringiensis serovar palmanyolensis (firmicutes)	Contig	180895	GCA_002148015.1	ftp://ftp.ncbi.nlm.nih.gov/genomes/all/GCA/002/148/015/GCA_002148015.1_ASM214801v1
1105901	Bacillus thuringiensis serovar sylvestriensis (firmicutes)	Contig	180875	GCA_002147985.1	ftp://ftp.ncbi.nlm.nih.gov/genomes/all/GCA/002/147/985/GCA_002147985.1_ASM214798v1
1105891	Bacillus thuringiensis serovar iberica (firmicutes)	Scaffold	180866	GCA_002147965.1	ftp://ftp.ncbi.nlm.nih.gov/genomes/all/GCA/002/147/965/GCA_002147965.1_ASM214796v1
1105881	Bacillus thuringiensis serovar pirenaica (firmicutes)	Scaffold	180863	GCA_002147955.1	ftp://ftp.ncbi.nlm.nih.gov/genomes/all/GCA/002/147/955/GCA_002147955.1_ASM214795v1
1105871	Bacillus thuringiensis serovar argentinensis (firmicutes)	Contig	180880	GCA_002147935.1	ftp://ftp.ncbi.nlm.nih.gov/genomes/all/GCA/002/147/935/GCA_002147935.1_ASM214793v1
1105861	Bacillus thuringiensis serovar higo (firmicutes)	Contig	132266	GCA_002147895.1	ftp://ftp.ncbi.nlm.nih.gov/genomes/all/GCA/002/147/895/GCA_002147895.1_ASM214789v1
1105851	Bacillus thuringiensis serovar xiaguangiensis (firmicutes)	Scaffold	180870	GCA_002147905.1	ftp://ftp.ncbi.nlm.nih.gov/genomes/all/GCA/002/147/905/GCA_002147905.1_ASM214790v1
1105841	Bacillus thuringiensis serovar yunnanensis (firmicutes)	Scaffold	143794	GCA_002147825.1	ftp://ftp.ncbi.nlm.nih.gov/genomes/all/GCA/002/147/825/GCA_002147825.1_ASM214782v1
1105831	Bacillus thuringiensis serovar oswaldocruzi (firmicutes)	Contig	180872	GCA_002147835.1	ftp://ftp.ncbi.nlm.nih.gov/genomes/all/GCA/002/147/835/GCA_002147835.1_ASM214783v1
1105811	Bacillus thuringiensis serovar leesis (firmicutes)	Scaffold	169759	GCA_002147805.1	ftp://ftp.ncbi.nlm.nih.gov/genomes/all/GCA/002/147/805/GCA_002147805.1_ASM214780v1
1105801	Bacillus thuringiensis serovar shandongiensis (firmicutes)	Scaffold	180886	GCA_002147795.1	ftp://ftp.ncbi.nlm.nih.gov/genomes/all/GCA/002/147/795/GCA_002147795.1_ASM214779v1
1105791	Bacillus thuringiensis serovar aizawai (firmicutes)	Contig	1433	GCA_002147725.1	ftp://ftp.ncbi.nlm.nih.gov/genomes/all/GCA/002/147/725/GCA_002147725.1_ASM214772v1
1105781	Bacillus thuringiensis serovar thailandensis (firmicutes)	Scaffold	1042874	GCA_002147755.1	ftp://ftp.ncbi.nlm.nih.gov/genomes/all/GCA/002/147/755/GCA_002147755.1_ASM214775v1
1105771	Bacillus thuringiensis serovar pahangi (firmicutes)	Contig	1042873	GCA_002147745.1	ftp://ftp.ncbi.nlm.nih.gov/genomes/all/GCA/002/147/745/GCA_002147745.1_ASM214774v1
1105761	Bacillus thuringiensis serovar bolivia (firmicutes)	Contig	371157	GCA_002147715.1	ftp://ftp.ncbi.nlm.nih.gov/genomes/all/GCA/002/147/715/GCA_002147715.1_ASM214771v1
1105751	Bacillus thuringiensis serovar aizawai (firmicutes)	Contig	1433	GCA_002147685.1	ftp://ftp.ncbi.nlm.nih.gov/genomes/all/GCA/002/147/685/GCA_002147685.1_ASM214768v1
1105741	Bacillus thuringiensis serovar aizawai (firmicutes)	Scaffold	1433	GCA_002147655.1	ftp://ftp.ncbi.nlm.nih.gov/genomes/all/GCA/002/147/655/GCA_002147655.1_ASM214765v1
1105731	Bacillus thuringiensis serovar aizawai (firmicutes)	Contig	1433	GCA_002147645.1	ftp://ftp.ncbi.nlm.nih.gov/genomes/all/GCA/002/147/645/GCA_002147645.1_ASM214764v1
1105721	Bacillus thuringiensis serovar aizawai (firmicutes)	Contig	1433	GCA_002147635.1	ftp://ftp.ncbi.nlm.nih.gov/genomes/all/GCA/002/147/635/GCA_002147635.1_ASM214763v1
1105711	Bacillus thuringiensis serovar aizawai (firmicutes)	Contig	1433	GCA_002147605.1	ftp://ftp.ncbi.nlm.nih.gov/genomes/all/GCA/002/147/605/GCA_002147605.1_ASM214760v1
1105701	Bacillus thuringiensis serovar aizawai (firmicutes)	Contig	1433	GCA_002147575.1	ftp://ftp.ncbi.nlm.nih.gov/genomes/all/GCA/002/147/575/GCA_002147575.1_ASM214757v1
1105691	Bacillus thuringiensis serovar aizawai (firmicutes)	Contig	1433	GCA_002147565.1	ftp://ftp.ncbi.nlm.nih.gov/genomes/all/GCA/002/147/565/GCA_002147565.1_ASM214756v1
1105681	Bacillus thuringiensis (firmicutes)	Scaffold	1428	GCA_002147555.1	ftp://ftp.ncbi.nlm.nih.gov/genomes/all/GCA/002/147/555/GCA_002147555.1_ASM214755v1
1105671	Bacillus thuringiensis (firmicutes)	Contig	1428	GCA_002147535.1	ftp://ftp.ncbi.nlm.nih.gov/genomes/all/GCA/002/147/535/GCA_002147535.1_ASM214753v1
1105661	Bacillus thuringiensis serovar darmstadiensis (firmicutes)	Scaffold	132264	GCA_002147495.1	ftp://ftp.ncbi.nlm.nih.gov/genomes/all/GCA/002/147/495/GCA_002147495.1_ASM214749v1
1105651	Bacillus thuringiensis serovar finitimus (firmicutes)	Contig	29337	GCA_002147505.1	ftp://ftp.ncbi.nlm.nih.gov/genomes/all/GCA/002/147/505/GCA_002147505.1_ASM214750v1
1105641	Bacillus thuringiensis serovar ostriniae (firmicutes)	Scaffold	180883	GCA_002147475.1	ftp://ftp.ncbi.nlm.nih.gov/genomes/all/GCA/002/147/475/GCA_002147475.1_ASM214747v1
1105631	Bacillus thuringiensis serovar colmeri (firmicutes)	Scaffold	180851	GCA_002147435.1	ftp://ftp.ncbi.nlm.nih.gov/genomes/all/GCA/002/147/435/GCA_002147435.1_ASM214743v1
1105621	Bacillus thuringiensis serovar tohokuensis (firmicutes)	Contig	180890	GCA_002147425.1	ftp://ftp.ncbi.nlm.nih.gov/genomes/all/GCA/002/147/425/GCA_002147425.1_ASM214742v1
1105611	Bacillus thuringiensis serovar kumamtoensis (firmicutes)	Contig	132267	GCA_002147415.1	ftp://ftp.ncbi.nlm.nih.gov/genomes/all/GCA/002/147/415/GCA_002147415.1_ASM214741v1
1105601	Bacillus thuringiensis serovar kyushuensis (firmicutes)	Scaffold	44161	GCA_002147395.1	ftp://ftp.ncbi.nlm.nih.gov/genomes/all/GCA/002/147/395/GCA_002147395.1_ASM214739v1
1105591	Bacillus thuringiensis serovar wuhanensis (firmicutes)	Contig	52024	GCA_002147375.1	ftp://ftp.ncbi.nlm.nih.gov/genomes/all/GCA/002/147/375/GCA_002147375.1_ASM214737v1
1105581	Bacillus thuringiensis serovar thompsoni (firmicutes)	Scaffold	44162	GCA_002147325.1	ftp://ftp.ncbi.nlm.nih.gov/genomes/all/GCA/002/147/325/GCA_002147325.1_ASM214732v1
1105571	Bacillus thuringiensis serovar israelensis (firmicutes)	Scaffold	1430	GCA_002147335.1	ftp://ftp.ncbi.nlm.nih.gov/genomes/all/GCA/002/147/335/GCA_002147335.1_ASM214733v1
1105561	Bacillus thuringiensis serovar toumanoffi (firmicutes)	Scaffold	180862	GCA_002147315.1	ftp://ftp.ncbi.nlm.nih.gov/genomes/all/GCA/002/147/315/GCA_002147315.1_ASM214731v1
1105551	Bacillus thuringiensis serovar darmstadiensis (firmicutes)	Contig	132264	GCA_002147295.1	ftp://ftp.ncbi.nlm.nih.gov/genomes/all/GCA/002/147/295/GCA_002147295.1_ASM214729v1
1105541	Bacillus thuringiensis serovar aizawai (firmicutes)	Scaffold	1433	GCA_002147255.1	ftp://ftp.ncbi.nlm.nih.gov/genomes/all/GCA/002/147/255/GCA_002147255.1_ASM214725v1
1105531	Bacillus thuringiensis serovar tolworthi (firmicutes)	Contig	1442	GCA_002147245.1	ftp://ftp.ncbi.nlm.nih.gov/genomes/all/GCA/002/147/245/GCA_002147245.1_ASM214724v1
1105521	Bacillus thuringiensis serovar aizawai (firmicutes)	Contig	1433	GCA_002147235.1	ftp://ftp.ncbi.nlm.nih.gov/genomes/all/GCA/002/147/235/GCA_002147235.1_ASM214723v1
1105511	Bacillus thuringiensis serovar aizawai (firmicutes)	Contig	1433	GCA_002147185.1	ftp://ftp.ncbi.nlm.nih.gov/genomes/all/GCA/002/147/185/GCA_002147185.1_ASM214718v1
1105501	Bacillus thuringiensis serovar aizawai (firmicutes)	Scaffold	1433	GCA_002147155.1	ftp://ftp.ncbi.nlm.nih.gov/genomes/all/GCA/002/147/155/GCA_002147155.1_ASM214715v1
1105491	Bacillus thuringiensis serovar aizawai (firmicutes)	Scaffold	1433	GCA_002147165.1	ftp://ftp.ncbi.nlm.nih.gov/genomes/all/GCA/002/147/165/GCA_002147165.1_ASM214716v1
1105481	Bacillus thuringiensis serovar galleriae (firmicutes)	Contig	29338	GCA_002147105.1	ftp://ftp.ncbi.nlm.nih.gov/genomes/all/GCA/002/147/105/GCA_002147105.1_ASM214710v1
1105471	Bacillus thuringiensis serovar canadensis (firmicutes)	Contig	180855	GCA_002147125.1	ftp://ftp.ncbi.nlm.nih.gov/genomes/all/GCA/002/147/125/GCA_002147125.1_ASM214712v1
1105461	Bacillus thuringiensis serovar subtoxicus (firmicutes)	Contig	475791	GCA_002146945.1	ftp://ftp.ncbi.nlm.nih.gov/genomes/all/GCA/002/146/945/GCA_002146945.1_ASM214694v1
1105451	Bacillus thuringiensis serovar azorensis (firmicutes)	Contig	180876	GCA_002147085.1	ftp://ftp.ncbi.nlm.nih.gov/genomes/all/GCA/002/147/085/GCA_002147085.1_ASM214708v1
1105441	Bacillus thuringiensis serovar londrina (firmicutes)	Contig	180846	GCA_002147055.1	ftp://ftp.ncbi.nlm.nih.gov/genomes/all/GCA/002/147/055/GCA_002147055.1_ASM214705v1
1105431	Bacillus thuringiensis serovar malayensis (firmicutes)	Scaffold	180893	GCA_002146975.1	ftp://ftp.ncbi.nlm.nih.gov/genomes/all/GCA/002/146/975/GCA_002146975.1_ASM214697v1
1105411	Bacillus thuringiensis serovar pingluonsis (firmicutes)	Contig	180881	GCA_002146825.1	ftp://ftp.ncbi.nlm.nih.gov/genomes/all/GCA/002/146/825/GCA_002146825.1_ASM214682v1
1105401	Bacillus thuringiensis serovar sooncheon (firmicutes)	Contig	180891	GCA_002147025.1	ftp://ftp.ncbi.nlm.nih.gov/genomes/all/GCA/002/147/025/GCA_002147025.1_ASM214702v1
1105391	Bacillus thuringiensis serovar pondicheriensis (firmicutes)	Contig	180874	GCA_002147005.1	ftp://ftp.ncbi.nlm.nih.gov/genomes/all/GCA/002/147/005/GCA_002147005.1_ASM214700v1
1105381	Bacillus thuringiensis serovar vazensis (firmicutes)	Contig	180867	GCA_002146905.1	ftp://ftp.ncbi.nlm.nih.gov/genomes/all/GCA/002/146/905/GCA_002146905.1_ASM214690v1
1105371	Bacillus thuringiensis serovar yosoo (firmicutes)	Scaffold	180848	GCA_002146865.1	ftp://ftp.ncbi.nlm.nih.gov/genomes/all/GCA/002/146/865/GCA_002146865.1_ASM214686v1
1105361	Bacillus thuringiensis serovar poloniensis (firmicutes)	Scaffold	180894	GCA_002146785.1	ftp://ftp.ncbi.nlm.nih.gov/genomes/all/GCA/002/146/785/GCA_002146785.1_ASM214678v1
1105351	Bacillus thuringiensis serovar alesti (firmicutes)	Scaffold	1440	GCA_002146845.1	ftp://ftp.ncbi.nlm.nih.gov/genomes/all/GCA/002/146/845/GCA_002146845.1_ASM214684v1
1105341	Bacillus thuringiensis serovar brasilensis (firmicutes)	Contig	180873	GCA_002146985.1	ftp://ftp.ncbi.nlm.nih.gov/genomes/all/GCA/002/146/985/GCA_002146985.1_ASM214698v1
1105331	Bacillus thuringiensis serovar canadensis (firmicutes)	Contig	180855	GCA_002146925.1	ftp://ftp.ncbi.nlm.nih.gov/genomes/all/GCA/002/146/925/GCA_002146925.1_ASM214692v1
1105321	Bacillus thuringiensis serovar graciosensis (firmicutes)	Scaffold	180857	GCA_002146885.1	ftp://ftp.ncbi.nlm.nih.gov/genomes/all/GCA/002/146/885/GCA_002146885.1_ASM214688v1
1105311	Bacillus thuringiensis serovar andalousiensis (firmicutes)	Scaffold	257985	GCA_002146595.1	ftp://ftp.ncbi.nlm.nih.gov/genomes/all/GCA/002/146/595/GCA_002146595.1_ASM214659v1
1105301	Bacillus thuringiensis serovar rongseni (firmicutes)	Scaffold	180865	GCA_002146815.1	ftp://ftp.ncbi.nlm.nih.gov/genomes/all/GCA/002/146/815/GCA_002146815.1_ASM214681v1
1105291	Bacillus thuringiensis serovar navarrensis (firmicutes)	Contig	339658	GCA_002146725.1	ftp://ftp.ncbi.nlm.nih.gov/genomes/all/GCA/002/146/725/GCA_002146725.1_ASM214672v1
1105271	Bacillus thuringiensis serovar kim (firmicutes)	Contig	180847	GCA_002146755.1	ftp://ftp.ncbi.nlm.nih.gov/genomes/all/GCA/002/146/755/GCA_002146755.1_ASM214675v1
1105261	Bacillus thuringiensis serovar finitimus (firmicutes)	Scaffold	29337	GCA_002146625.1	ftp://ftp.ncbi.nlm.nih.gov/genomes/all/GCA/002/146/625/GCA_002146625.1_ASM214662v1
1105251	Bacillus thuringiensis serovar chanpaisis (firmicutes)	Contig	180858	GCA_002146665.1	ftp://ftp.ncbi.nlm.nih.gov/genomes/all/GCA/002/146/665/GCA_002146665.1_ASM214666v1
1105241	Bacillus thuringiensis serovar muju (firmicutes)	Scaffold	180899	GCA_002146705.1	ftp://ftp.ncbi.nlm.nih.gov/genomes/all/GCA/002/146/705/GCA_002146705.1_ASM214670v1
1105231	Bacillus thuringiensis serovar wratislaviensis (firmicutes)	Contig	180878	GCA_002146695.1	ftp://ftp.ncbi.nlm.nih.gov/genomes/all/GCA/002/146/695/GCA_002146695.1_ASM214669v1
1105221	Bacillus thuringiensis serovar novosibirsk (firmicutes)	Scaffold	257986	GCA_002146615.1	ftp://ftp.ncbi.nlm.nih.gov/genomes/all/GCA/002/146/615/GCA_002146615.1_ASM214661v1
1105211	Bacillus thuringiensis serovar roskildiensis (firmicutes)	Contig	180859	GCA_002146655.1	ftp://ftp.ncbi.nlm.nih.gov/genomes/all/GCA/002/146/655/GCA_002146655.1_ASM214665v1
1105201	Bacillus thuringiensis serovar guiyangiensis (firmicutes)	Contig	180871	GCA_002146605.1	ftp://ftp.ncbi.nlm.nih.gov/genomes/all/GCA/002/146/605/GCA_002146605.1_ASM214660v1
1105191	Bacillus thuringiensis serovar japonensis (firmicutes)	Scaffold	128936	GCA_002146545.1	ftp://ftp.ncbi.nlm.nih.gov/genomes/all/GCA/002/146/545/GCA_002146545.1_ASM214654v1
1105181	Bacillus thuringiensis serovar monterrey (firmicutes)	Contig	180882	GCA_002146495.1	ftp://ftp.ncbi.nlm.nih.gov/genomes/all/GCA/002/146/495/GCA_002146495.1_ASM214649v1
1105171	Bacillus thuringiensis serovar seoulensis (firmicutes)	Scaffold	180887	GCA_002146525.1	ftp://ftp.ncbi.nlm.nih.gov/genomes/all/GCA/002/146/525/GCA_002146525.1_ASM214652v1
1105161	Bacillus thuringiensis serovar nigeriensis (firmicutes)	Scaffold	180852	GCA_002146465.1	ftp://ftp.ncbi.nlm.nih.gov/genomes/all/GCA/002/146/465/GCA_002146465.1_ASM214646v1
1105151	Bacillus thuringiensis serovar fukuokaensis (firmicutes)	Scaffold	132265	GCA_002146425.1	ftp://ftp.ncbi.nlm.nih.gov/genomes/all/GCA/002/146/425/GCA_002146425.1_ASM214642v1
1105141	Bacillus thuringiensis serovar sumiyoshiensis (firmicutes)	Contig	180861	GCA_002146405.1	ftp://ftp.ncbi.nlm.nih.gov/genomes/all/GCA/002/146/405/GCA_002146405.1_ASM214640v1
1105131	Bacillus thuringiensis serovar coreanensis (firmicutes)	Contig	180843	GCA_002146505.1	ftp://ftp.ncbi.nlm.nih.gov/genomes/all/GCA/002/146/505/GCA_002146505.1_ASM214650v1
1105121	Bacillus thuringiensis serovar jinghongiensis (firmicutes)	Scaffold	180844	GCA_002146445.1	ftp://ftp.ncbi.nlm.nih.gov/genomes/all/GCA/002/146/445/GCA_002146445.1_ASM214644v1
1105111	Bacillus thuringiensis serovar amagiensis (firmicutes)	Contig	180884	GCA_002146315.1	ftp://ftp.ncbi.nlm.nih.gov/genomes/all/GCA/002/146/315/GCA_002146315.1_ASM214631v1
1105101	Bacillus thuringiensis serovar mexicanensis (firmicutes)	Contig	180868	GCA_002146325.1	ftp://ftp.ncbi.nlm.nih.gov/genomes/all/GCA/002/146/325/GCA_002146325.1_ASM214632v1
1105091	Bacillus thuringiensis serovar silo (firmicutes)	Contig	180889	GCA_002146395.1	ftp://ftp.ncbi.nlm.nih.gov/genomes/all/GCA/002/146/395/GCA_002146395.1_ASM214639v1
1105081	Bacillus thuringiensis serovar cameroun (firmicutes)	Scaffold	180885	GCA_002146365.1	ftp://ftp.ncbi.nlm.nih.gov/genomes/all/GCA/002/146/365/GCA_002146365.1_ASM214636v1
1105071	Bacillus thuringiensis serovar toguchini (firmicutes)	Contig	180898	GCA_002146345.1	ftp://ftp.ncbi.nlm.nih.gov/genomes/all/GCA/002/146/345/GCA_002146345.1_ASM214634v1
1105061	Bacillus thuringiensis serovar thuringiensis (firmicutes)	Scaffold	1432	GCA_002146335.1	ftp://ftp.ncbi.nlm.nih.gov/genomes/all/GCA/002/146/335/GCA_002146335.1_ASM214633v1
1091581	Bacillus thuringiensis (firmicutes)	Complete Genome	1428	GCA_002119445.1	ftp://ftp.ncbi.nlm.nih.gov/genomes/all/GCA/002/119/445/GCA_002119445.1_ASM211944v1
1023081	Bacillus thuringiensis (firmicutes)	Complete Genome	1428	GCA_002025105.1	ftp://ftp.ncbi.nlm.nih.gov/genomes/all/GCA/002/025/105/GCA_002025105.1_ASM202510v1
1022811	Bacillus thuringiensis (firmicutes)	Scaffold	1428	GCA_002024545.1	ftp://ftp.ncbi.nlm.nih.gov/genomes/all/GCA/002/024/545/GCA_002024545.1_ASM202454v1
961551	Bacillus thuringiensis (firmicutes)	Contig	1428	GCA_001968805.1	ftp://ftp.ncbi.nlm.nih.gov/genomes/all/GCA/001/968/805/GCA_001968805.1_ASM196880v1
893151	Bacillus thuringiensis (firmicutes)	Contig	1428	GCA_001883945.1	ftp://ftp.ncbi.nlm.nih.gov/genomes/all/GCA/001/883/945/GCA_001883945.1_ASM188394v1
893121	Bacillus thuringiensis (firmicutes)	Contig	1428	GCA_001883875.1	ftp://ftp.ncbi.nlm.nih.gov/genomes/all/GCA/001/883/875/GCA_001883875.1_ASM188387v1
890521	Bacillus thuringiensis serovar aizawai (firmicutes)	Scaffold	1433	GCA_001880115.1	ftp://ftp.ncbi.nlm.nih.gov/genomes/all/GCA/001/880/115/GCA_001880115.1_ASM188011v1
890511	Bacillus thuringiensis serovar kurstaki (firmicutes)	Scaffold	29339	GCA_001880125.1	ftp://ftp.ncbi.nlm.nih.gov/genomes/all/GCA/001/880/125/GCA_001880125.1_ASM188012v1
878411	Bacillus thuringiensis (firmicutes)	Scaffold	1428	GCA_900108905.1	ftp://ftp.ncbi.nlm.nih.gov/genomes/all/GCA/900/108/905/GCA_900108905.1_IMG-taxon_2623620454_annotated_assembly
811571	Bacillus thuringiensis (firmicutes)	Contig	1428	GCA_001757775.1	ftp://ftp.ncbi.nlm.nih.gov/genomes/all/GCA/001/757/775/GCA_001757775.1_ASM175777v1
811561	Bacillus thuringiensis (firmicutes)	Contig	1428	GCA_001757755.1	ftp://ftp.ncbi.nlm.nih.gov/genomes/all/GCA/001/757/755/GCA_001757755.1_ASM175775v1
811551	Bacillus thuringiensis (firmicutes)	Contig	1428	GCA_001757745.1	ftp://ftp.ncbi.nlm.nih.gov/genomes/all/GCA/001/757/745/GCA_001757745.1_ASM175774v1
811541	Bacillus thuringiensis (firmicutes)	Contig	1428	GCA_001757695.1	ftp://ftp.ncbi.nlm.nih.gov/genomes/all/GCA/001/757/695/GCA_001757695.1_ASM175769v1
811531	Bacillus thuringiensis (firmicutes)	Contig	1428	GCA_001757675.1	ftp://ftp.ncbi.nlm.nih.gov/genomes/all/GCA/001/757/675/GCA_001757675.1_ASM175767v1
811511	Bacillus thuringiensis (firmicutes)	Contig	1428	GCA_001757685.1	ftp://ftp.ncbi.nlm.nih.gov/genomes/all/GCA/001/757/685/GCA_001757685.1_ASM175768v1
791601	Bacillus thuringiensis Bt18247 (firmicutes)	Complete Genome	1423143	GCA_001721165.1	ftp://ftp.ncbi.nlm.nih.gov/genomes/all/GCA/001/721/165/GCA_001721165.1_ASM172116v1
774121	Bacillus thuringiensis (firmicutes)	Complete Genome	1428	GCA_001692675.1	ftp://ftp.ncbi.nlm.nih.gov/genomes/all/GCA/001/692/675/GCA_001692675.1_ASM169267v1
769731	Bacillus thuringiensis (firmicutes)	Complete Genome	1428	GCA_001685565.1	ftp://ftp.ncbi.nlm.nih.gov/genomes/all/GCA/001/685/565/GCA_001685565.1_ASM168556v1
763771	Bacillus thuringiensis (firmicutes)	Scaffold	1428	GCA_001677055.1	ftp://ftp.ncbi.nlm.nih.gov/genomes/all/GCA/001/677/055/GCA_001677055.1_ASM167705v1
762941	Bacillus thuringiensis serovar coreanensis (firmicutes)	Complete Genome	180843	GCA_001675515.1	ftp://ftp.ncbi.nlm.nih.gov/genomes/all/GCA/001/675/515/GCA_001675515.1_ASM167551v1
738391	Bacillus thuringiensis serovar alesti (firmicutes)	Complete Genome	1440	GCA_001640965.1	ftp://ftp.ncbi.nlm.nih.gov/genomes/all/GCA/001/640/965/GCA_001640965.1_ASM164096v1
724781	Bacillus thuringiensis (firmicutes)	Complete Genome	1428	GCA_001618665.1	ftp://ftp.ncbi.nlm.nih.gov/genomes/all/GCA/001/618/665/GCA_001618665.1_ASM161866v1
709451	Bacillus thuringiensis (firmicutes)	Complete Genome	1428	GCA_001598095.1	ftp://ftp.ncbi.nlm.nih.gov/genomes/all/GCA/001/598/095/GCA_001598095.1_ASM159809v1
708201	Bacillus thuringiensis (firmicutes)	Complete Genome	1428	GCA_001595725.1	ftp://ftp.ncbi.nlm.nih.gov/genomes/all/GCA/001/595/725/GCA_001595725.1_ASM159572v1
648331	Bacillus thuringiensis (firmicutes)	Scaffold	1428	GCA_001573165.1	ftp://ftp.ncbi.nlm.nih.gov/genomes/all/GCA/001/573/165/GCA_001573165.1_KB1_v2_kclc
635561	Bacillus thuringiensis serovar tolworthi (firmicutes)	Complete Genome	1442	GCA_001548175.1	ftp://ftp.ncbi.nlm.nih.gov/genomes/all/GCA/001/548/175/GCA_001548175.1_ASM154817v1
627628	Bacillus thuringiensis DAR 81934 (firmicutes)	Chromosome	1257079	GCA_000342025.1	ftp://ftp.ncbi.nlm.nih.gov/genomes/all/GCA/000/342/025/GCA_000342025.1_BTHUDAR81934.1
620171	Bacillus thuringiensis (firmicutes)	Scaffold	1428	GCA_001517195.1	ftp://ftp.ncbi.nlm.nih.gov/genomes/all/GCA/001/517/195/GCA_001517195.1_BR37
589151	Bacillus thuringiensis (firmicutes)	Complete Genome	1428	GCA_001455345.1	ftp://ftp.ncbi.nlm.nih.gov/genomes/all/GCA/001/455/345/GCA_001455345.1_ASM145534v1
571811	Bacillus thuringiensis (firmicutes)	Complete Genome	1428	GCA_001420855.1	ftp://ftp.ncbi.nlm.nih.gov/genomes/all/GCA/001/420/855/GCA_001420855.1_ASM142085v1
568561	Bacillus thuringiensis serovar aizawai str. Hu4-2 (firmicutes)	Contig	1238885	GCA_000468995.3	ftp://ftp.ncbi.nlm.nih.gov/genomes/all/GCA/000/468/995/GCA_000468995.3_Hu4-2_second_version
566258	Bacillus thuringiensis serovar kurstaki str. HD73 (firmicutes)	Complete Genome	1279365	GCA_000338755.1	ftp://ftp.ncbi.nlm.nih.gov/genomes/all/GCA/000/338/755/GCA_000338755.1_ASM33875v1
565638	Bacillus thuringiensis serovar thuringiensis str. IS5056 (firmicutes)	Complete Genome	1286404	GCA_000341665.1	ftp://ftp.ncbi.nlm.nih.gov/genomes/all/GCA/000/341/665/GCA_000341665.1_ASM34166v1
560441	Bacillus thuringiensis (firmicutes)	Complete Genome	1428	GCA_000774075.2	ftp://ftp.ncbi.nlm.nih.gov/genomes/all/GCA/000/774/075/GCA_000774075.2_ASM77407v2
554601	Bacillus thuringiensis (firmicutes)	Scaffold	1428	GCA_001402735.1	ftp://ftp.ncbi.nlm.nih.gov/genomes/all/GCA/001/402/735/GCA_001402735.1_ASM140273v1
521408	Bacillus thuringiensis HD-789 (firmicutes)	Complete Genome	1217737	GCA_000292705.1	ftp://ftp.ncbi.nlm.nih.gov/genomes/all/GCA/000/292/705/GCA_000292705.1_ASM29270v1
487601	Bacillus thuringiensis (firmicutes)	Scaffold	1428	GCA_001296435.1	ftp://ftp.ncbi.nlm.nih.gov/genomes/all/GCA/001/296/435/GCA_001296435.1_ASM129643v1
477151	Bacillus thuringiensis (firmicutes)	Scaffold	1428	GCA_001276195.1	ftp://ftp.ncbi.nlm.nih.gov/genomes/all/GCA/001/276/195/GCA_001276195.1_ASM127619v1
456601	Bacillus thuringiensis (firmicutes)	Contig	1428	GCA_001238465.1	ftp://ftp.ncbi.nlm.nih.gov/genomes/all/GCA/001/238/465/GCA_001238465.1_ASM123846v1
447248	Bacillus thuringiensis Bt407 (firmicutes)	Complete Genome	527021	GCA_000306745.1	ftp://ftp.ncbi.nlm.nih.gov/genomes/all/GCA/000/306/745/GCA_000306745.1_ASM30674v1
429308	Bacillus thuringiensis MC28 (firmicutes)	Complete Genome	1195464	GCA_000300475.1	ftp://ftp.ncbi.nlm.nih.gov/genomes/all/GCA/000/300/475/GCA_000300475.1_ASM30047v1
429151	Bacillus thuringiensis serovar indiana (firmicutes)	Complete Genome	180850	GCA_001183785.1	ftp://ftp.ncbi.nlm.nih.gov/genomes/all/GCA/001/183/785/GCA_001183785.1_ASM118378v1
428631	Bacillus thuringiensis (firmicutes)	Complete Genome	1428	GCA_001182785.1	ftp://ftp.ncbi.nlm.nih.gov/genomes/all/GCA/001/182/785/GCA_001182785.1_ASM118278v1
419328	Bacillus thuringiensis HD-771 (firmicutes)	Complete Genome	1218175	GCA_000292455.1	ftp://ftp.ncbi.nlm.nih.gov/genomes/all/GCA/000/292/455/GCA_000292455.1_ASM29245v1
370078	Bacillus thuringiensis serovar chinensis CT-43 (firmicutes)	Complete Genome	541229	GCA_000193355.1	ftp://ftp.ncbi.nlm.nih.gov/genomes/all/GCA/000/193/355/GCA_000193355.1_ASM19335v1
369998	Bacillus thuringiensis serovar finitimus YBT-020 (firmicutes)	Complete Genome	930170	GCA_000190515.1	ftp://ftp.ncbi.nlm.nih.gov/genomes/all/GCA/000/190/515/GCA_000190515.1_ASM19051v1
345041	Bacillus thuringiensis (firmicutes)	Complete Genome	1428	GCA_001017635.1	ftp://ftp.ncbi.nlm.nih.gov/genomes/all/GCA/001/017/635/GCA_001017635.1_ASM101763v1
320821	Bacillus thuringiensis serovar mexicanensis (firmicutes)	Contig	180868	GCA_000969665.1	ftp://ftp.ncbi.nlm.nih.gov/genomes/all/GCA/000/969/665/GCA_000969665.1_ASM96966v1
313331	Bacillus thuringiensis Sbt003 (firmicutes)	Scaffold	1235825	GCA_000878525.1	ftp://ftp.ncbi.nlm.nih.gov/genomes/all/GCA/000/878/525/GCA_000878525.1_ASM87852v1
307991	Bacillus thuringiensis (firmicutes)	Contig	1428	GCA_000948325.1	ftp://ftp.ncbi.nlm.nih.gov/genomes/all/GCA/000/948/325/GCA_000948325.1_BFA_6_A
307971	Bacillus thuringiensis (firmicutes)	Contig	1428	GCA_000948235.1	ftp://ftp.ncbi.nlm.nih.gov/genomes/all/GCA/000/948/235/GCA_000948235.1_BFA_10_A
307921	Bacillus thuringiensis (firmicutes)	Contig	1428	GCA_000948155.1	ftp://ftp.ncbi.nlm.nih.gov/genomes/all/GCA/000/948/155/GCA_000948155.1_BFA_7_A
304451	Bacillus thuringiensis serovar morrisoni (firmicutes)	Complete Genome	1441	GCA_000940785.1	ftp://ftp.ncbi.nlm.nih.gov/genomes/all/GCA/000/940/785/GCA_000940785.1_ASM94078v1
251891	Bacillus thuringiensis serovar kurstaki (firmicutes)	Chromosome	29339	GCA_000835235.1	ftp://ftp.ncbi.nlm.nih.gov/genomes/all/GCA/000/835/235/GCA_000835235.1_ASM83523v1
251781	Bacillus thuringiensis HD1002 (firmicutes)	Complete Genome	1452729	GCA_000835025.1	ftp://ftp.ncbi.nlm.nih.gov/genomes/all/GCA/000/835/025/GCA_000835025.1_ASM83502v1
250901	Bacillus thuringiensis serovar morrisoni (firmicutes)	Contig	1441	GCA_000833655.1	ftp://ftp.ncbi.nlm.nih.gov/genomes/all/GCA/000/833/655/GCA_000833655.1_ASM83365v1
250421	Bacillus thuringiensis (firmicutes)	Complete Genome	1428	GCA_000833085.1	ftp://ftp.ncbi.nlm.nih.gov/genomes/all/GCA/000/833/085/GCA_000833085.1_ASM83308v1
250351	Bacillus thuringiensis (firmicutes)	Complete Genome	1428	GCA_000832925.1	ftp://ftp.ncbi.nlm.nih.gov/genomes/all/GCA/000/832/925/GCA_000832925.1_ASM83292v1
250301	Bacillus thuringiensis (firmicutes)	Complete Genome	1428	GCA_000832825.1	ftp://ftp.ncbi.nlm.nih.gov/genomes/all/GCA/000/832/825/GCA_000832825.1_ASM83282v1
250141	Bacillus thuringiensis (firmicutes)	Complete Genome	1428	GCA_000832485.1	ftp://ftp.ncbi.nlm.nih.gov/genomes/all/GCA/000/832/485/GCA_000832485.1_ASM83248v1
241961	Bacillus thuringiensis (firmicutes)	Scaffold	1428	GCA_000816555.1	ftp://ftp.ncbi.nlm.nih.gov/genomes/all/GCA/000/816/555/GCA_000816555.1_ASM81655v1
235451	Bacillus thuringiensis serovar galleriae (firmicutes)	Complete Genome	29338	GCA_000803665.1	ftp://ftp.ncbi.nlm.nih.gov/genomes/all/GCA/000/803/665/GCA_000803665.1_ASM80366v1
207151	Bacillus thuringiensis serovar kurstaki str. YBT-1520 (firmicutes)	Complete Genome	570416	GCA_000747545.1	ftp://ftp.ncbi.nlm.nih.gov/genomes/all/GCA/000/747/545/GCA_000747545.1_ASM74754v1
203938	Bacillus thuringiensis serovar israelensis ATCC 35646 (firmicutes)	Scaffold	339854	GCA_000167695.1	ftp://ftp.ncbi.nlm.nih.gov/genomes/all/GCA/000/167/695/GCA_000167695.1_ASM16769v1
194238	Bacillus thuringiensis IBL 4222 (firmicutes)	Chromosome	527020	GCA_000161735.1	ftp://ftp.ncbi.nlm.nih.gov/genomes/all/GCA/000/161/735/GCA_000161735.1_ASM16173v1
194198	Bacillus thuringiensis IBL 200 (firmicutes)	Chromosome	527019	GCA_000161715.1	ftp://ftp.ncbi.nlm.nih.gov/genomes/all/GCA/000/161/715/GCA_000161715.1_ASM16171v1
194158	Bacillus thuringiensis serovar pulsiensis BGSC 4CC1 (firmicutes)	Chromosome	527028	GCA_000161695.1	ftp://ftp.ncbi.nlm.nih.gov/genomes/all/GCA/000/161/695/GCA_000161695.1_ASM16169v1
194118	Bacillus thuringiensis serovar huazhongensis BGSC 4BD1 (firmicutes)	Chromosome	527030	GCA_000161675.1	ftp://ftp.ncbi.nlm.nih.gov/genomes/all/GCA/000/161/675/GCA_000161675.1_ASM16167v1
194078	Bacillus thuringiensis serovar pondicheriensis BGSC 4BA1 (firmicutes)	Chromosome	527029	GCA_000161655.1	ftp://ftp.ncbi.nlm.nih.gov/genomes/all/GCA/000/161/655/GCA_000161655.1_ASM16165v1
194038	Bacillus thuringiensis serovar andalousiensis BGSC 4AW1 (firmicutes)	Chromosome	527032	GCA_000161635.1	ftp://ftp.ncbi.nlm.nih.gov/genomes/all/GCA/000/161/635/GCA_000161635.1_ASM16163v1
193998	Bacillus thuringiensis serovar berliner ATCC 10792 (firmicutes)	Chromosome	527031	GCA_000161615.1	ftp://ftp.ncbi.nlm.nih.gov/genomes/all/GCA/000/161/615/GCA_000161615.1_ASM16161v1
193958	Bacillus thuringiensis serovar monterrey BGSC 4AJ1 (firmicutes)	Chromosome	527022	GCA_000161595.1	ftp://ftp.ncbi.nlm.nih.gov/genomes/all/GCA/000/161/595/GCA_000161595.1_ASM16159v1
193918	Bacillus thuringiensis serovar kurstaki str. T03a001 (firmicutes)	Chromosome	527023	GCA_000161575.1	ftp://ftp.ncbi.nlm.nih.gov/genomes/all/GCA/000/161/575/GCA_000161575.1_ASM16157v1
193878	Bacillus thuringiensis serovar pakistani str. T13001 (firmicutes)	Chromosome	527027	GCA_000161555.1	ftp://ftp.ncbi.nlm.nih.gov/genomes/all/GCA/000/161/555/GCA_000161555.1_ASM16155v1
193838	Bacillus thuringiensis serovar sotto str. T04001 (firmicutes)	Chromosome	527026	GCA_000161535.1	ftp://ftp.ncbi.nlm.nih.gov/genomes/all/GCA/000/161/535/GCA_000161535.1_ASM16153v1
193798	Bacillus thuringiensis serovar thuringiensis str. T01001 (firmicutes)	Chromosome	527025	GCA_000161515.1	ftp://ftp.ncbi.nlm.nih.gov/genomes/all/GCA/000/161/515/GCA_000161515.1_ASM16151v1
193758	Bacillus thuringiensis Bt407 (firmicutes)	Chromosome	527021	GCA_000161495.1	ftp://ftp.ncbi.nlm.nih.gov/genomes/all/GCA/000/161/495/GCA_000161495.1_ASM16149v1
193718	Bacillus thuringiensis serovar tochigiensis BGSC 4Y1 (firmicutes)	Chromosome	527024	GCA_000161475.1	ftp://ftp.ncbi.nlm.nih.gov/genomes/all/GCA/000/161/475/GCA_000161475.1_ASM16147v1
191901	Bacillus thuringiensis serovar kurstaki str. HD-1 (firmicutes)	Complete Genome	1261129	GCA_000717535.1	ftp://ftp.ncbi.nlm.nih.gov/genomes/all/GCA/000/717/535/GCA_000717535.1_ASM71753v1
188211	Bacillus thuringiensis serovar kurstaki str. HD-1 (firmicutes)	Contig	1261129	GCA_000710255.1	ftp://ftp.ncbi.nlm.nih.gov/genomes/all/GCA/000/710/255/GCA_000710255.1_BTK_A5
177431	Bacillus thuringiensis serovar kurstaki str. YBT-1520 (firmicutes)	Complete Genome	570416	GCA_000688795.1	ftp://ftp.ncbi.nlm.nih.gov/genomes/all/GCA/000/688/795/GCA_000688795.1_ASM68879v1
164678	Bacillus thuringiensis BMB171 (firmicutes)	Complete Genome	714359	GCA_000092165.1	ftp://ftp.ncbi.nlm.nih.gov/genomes/all/GCA/000/092/165/GCA_000092165.1_ASM9216v1
132631	Bacillus thuringiensis (firmicutes)	Scaffold	1428	GCA_000600315.1	ftp://ftp.ncbi.nlm.nih.gov/genomes/all/GCA/000/600/315/GCA_000600315.1_Newbler2.5.3
125801	Bacillus thuringiensis serovar israelensis (firmicutes)	Contig	1430	GCA_000585975.1	ftp://ftp.ncbi.nlm.nih.gov/genomes/all/GCA/000/585/975/GCA_000585975.1_Bti4Q7_01
118771	Bacillus thuringiensis serovar tolworthi NA205-3 (firmicutes)	Contig	1306023	GCA_000571955.1	ftp://ftp.ncbi.nlm.nih.gov/genomes/all/GCA/000/571/955/GCA_000571955.1_Na205-2_Genome_assembly
98011	Bacillus thuringiensis DB27 (firmicutes)	Scaffold	1431339	GCA_000530375.1	ftp://ftp.ncbi.nlm.nih.gov/genomes/all/GCA/000/530/375/GCA_000530375.1_BTDB27_001
84301	Bacillus thuringiensis JM-Mgvxx-63 (firmicutes)	Contig	1423139	GCA_000503755.1	ftp://ftp.ncbi.nlm.nih.gov/genomes/all/GCA/000/503/755/GCA_000503755.1_Bcereus
82641	Bacillus thuringiensis LM1212 (firmicutes)	Scaffold	1417985	GCA_000500585.1	ftp://ftp.ncbi.nlm.nih.gov/genomes/all/GCA/000/500/585/GCA_000500585.1_Bacillus_thuringiensis_strain_LM1212
82181	Bacillus thuringiensis serovar aizawai str. Leapi01 (firmicutes)	Scaffold	1232203	GCA_000468975.2	ftp://ftp.ncbi.nlm.nih.gov/genomes/all/GCA/000/468/975/GCA_000468975.2_Leapi01_second_assembly_version
81941	Bacillus thuringiensis YBT-1518 (firmicutes)	Complete Genome	529122	GCA_000497525.2	ftp://ftp.ncbi.nlm.nih.gov/genomes/all/GCA/000/497/525/GCA_000497525.2_ASM49752v2
63161	Bacillus thuringiensis T01-328 (firmicutes)	Scaffold	1324966	GCA_000387405.2	ftp://ftp.ncbi.nlm.nih.gov/genomes/all/GCA/000/387/405/GCA_000387405.2_bt_cbt_v2.0
36168	Bacillus thuringiensis str. Al Hakam (firmicutes)	Complete Genome	412694	GCA_000015065.1	ftp://ftp.ncbi.nlm.nih.gov/genomes/all/GCA/000/015/065/GCA_000015065.1_ASM1506v1
30088	[Bacillus thuringiensis] serovar konkukian str. 97-27 (firmicutes)	Complete Genome	281309	GCA_000008505.1	ftp://ftp.ncbi.nlm.nih.gov/genomes/all/GCA/000/008/505/GCA_000008505.1_ASM850v1
